/*******************************************************************************
 * Size: 16 px
 * Bpp: 4
 * Opts: --bpp 4 --size 16 --font D:/Temp Mobile Folder/Capstone/UI/SquarelineStudioUI-main-jz/assets/NotoSansDevanagari-Regular.ttf -o D:/Temp Mobile Folder/Capstone/UI/SquarelineStudioUI-main-jz/assets\ui_font_Noto_Sans_Regular_Devanagari.c --format lvgl -r 0x0020-0x007F -r 0x0900-0x097F -r 0x2000-0x206F --no-compress --no-prefilter
 ******************************************************************************/

#include "ui.h"

#ifndef UI_FONT_NOTO_SANS_REGULAR_DEVANAGARI
#define UI_FONT_NOTO_SANS_REGULAR_DEVANAGARI 1
#endif

#if UI_FONT_NOTO_SANS_REGULAR_DEVANAGARI

/*-----------------
 *    BITMAPS
 *----------------*/

/*Store the image of the glyphs*/
static LV_ATTRIBUTE_LARGE_CONST const uint8_t glyph_bitmap[] = {
    /* U+0020 " " */

    /* U+0021 "!" */
    0x7f, 0x26, 0xf2, 0x6f, 0x15, 0xf0, 0x4f, 0x3,
    0xf0, 0x3e, 0x2, 0xd0, 0x5, 0x0, 0x20, 0x9f,
    0x47, 0xf2,

    /* U+0022 "\"" */
    0x1f, 0x94, 0xf6, 0xf, 0x73, 0xf4, 0xe, 0x61,
    0xf2, 0xd, 0x40, 0xf1, 0x3, 0x0, 0x30,

    /* U+0023 "#" */
    0x0, 0x0, 0x80, 0x5, 0x30, 0x0, 0x4, 0xd0,
    0xe, 0x30, 0x0, 0x7, 0xa0, 0x1f, 0x0, 0xd,
    0xff, 0xff, 0xff, 0xfd, 0x1, 0x2d, 0x52, 0x8a,
    0x21, 0x0, 0xf, 0x20, 0xa7, 0x0, 0x0, 0x2f,
    0x0, 0xd4, 0x0, 0x6f, 0xff, 0xff, 0xff, 0xf5,
    0x2, 0x9a, 0x24, 0xf2, 0x20, 0x0, 0xb6, 0x5,
    0xc0, 0x0, 0x0, 0xe3, 0x8, 0x90, 0x0,

    /* U+0024 "$" */
    0x0, 0x0, 0xf1, 0x0, 0x0, 0x0, 0xf, 0x10,
    0x0, 0x2, 0xbf, 0xff, 0xe8, 0x0, 0xdc, 0x4f,
    0x46, 0x50, 0xf, 0x60, 0xf1, 0x0, 0x0, 0xbe,
    0x6f, 0x10, 0x0, 0x0, 0x8e, 0xfc, 0x70, 0x0,
    0x0, 0xf, 0x8d, 0xd0, 0x0, 0x0, 0xf1, 0x3f,
    0x30, 0x73, 0x1f, 0x49, 0xf1, 0xe, 0xff, 0xff,
    0xd4, 0x0, 0x1, 0x3f, 0x20, 0x0, 0x0, 0x0,
    0xf1, 0x0, 0x0, 0x0, 0x7, 0x0, 0x0,

    /* U+0025 "%" */
    0x4, 0xde, 0x90, 0x0, 0x2e, 0x10, 0x0, 0xe4,
    0xc, 0x60, 0xc, 0x70, 0x0, 0x1f, 0x10, 0x99,
    0x6, 0xd0, 0x0, 0x0, 0xf4, 0xc, 0x71, 0xe3,
    0x0, 0x0, 0x6, 0xff, 0xc1, 0xa9, 0x6d, 0xd5,
    0x0, 0x0, 0x10, 0x4e, 0x2f, 0x44, 0xf1, 0x0,
    0x0, 0xd, 0x54, 0xd0, 0xd, 0x40, 0x0, 0x8,
    0xb0, 0x5d, 0x0, 0xd4, 0x0, 0x2, 0xf2, 0x1,
    0xf1, 0x2f, 0x10, 0x0, 0xc7, 0x0, 0x6, 0xee,
    0x70,

    /* U+0026 "&" */
    0x0, 0x2c, 0xfe, 0x90, 0x0, 0x0, 0x0, 0xdc,
    0x36, 0xf6, 0x0, 0x0, 0x0, 0xf5, 0x0, 0xc9,
    0x0, 0x0, 0x0, 0xe8, 0x1, 0xf7, 0x0, 0x0,
    0x0, 0x6f, 0x6d, 0xc0, 0x0, 0x0, 0x0, 0x1e,
    0xfb, 0x0, 0x0, 0x0, 0x3, 0xec, 0xbf, 0x30,
    0x8, 0xc0, 0xd, 0xc0, 0xb, 0xf3, 0xd, 0x80,
    0x2f, 0x50, 0x0, 0xbf, 0x9f, 0x20, 0x1f, 0x60,
    0x0, 0xc, 0xf8, 0x0, 0xb, 0xe5, 0x23, 0x9f,
    0xdf, 0x30, 0x0, 0x9e, 0xfe, 0xa3, 0xb, 0xf3,

    /* U+0027 "'" */
    0x1f, 0x90, 0xf7, 0xe, 0x60, 0xd4, 0x3, 0x0,

    /* U+0028 "(" */
    0x0, 0x64, 0x3, 0xf2, 0xb, 0xb0, 0x1f, 0x40,
    0x6f, 0x0, 0x9c, 0x0, 0xc9, 0x0, 0xd7, 0x0,
    0xe7, 0x0, 0xe7, 0x0, 0xd9, 0x0, 0xab, 0x0,
    0x7e, 0x0, 0x3f, 0x20, 0xe, 0x80, 0x7, 0xe0,
    0x0, 0xd7,

    /* U+0029 ")" */
    0x7, 0x30, 0x0, 0x7d, 0x0, 0x1, 0xf5, 0x0,
    0xa, 0xb0, 0x0, 0x5f, 0x0, 0x2, 0xf4, 0x0,
    0xf, 0x60, 0x0, 0xd8, 0x0, 0xc, 0x90, 0x0,
    0xd8, 0x0, 0xe, 0x70, 0x0, 0xf5, 0x0, 0x3f,
    0x20, 0x7, 0xe0, 0x0, 0xd9, 0x0, 0x4f, 0x20,
    0xc, 0x90, 0x0,

    /* U+002A "*" */
    0x0, 0xd, 0xa0, 0x0, 0x0, 0xb, 0x80, 0x0,
    0x66, 0x19, 0x72, 0x75, 0xae, 0xff, 0xff, 0xe8,
    0x0, 0x4e, 0xf2, 0x0, 0x1, 0xe7, 0xac, 0x0,
    0x8, 0xf1, 0x3f, 0x60, 0x0, 0x30, 0x3, 0x0,

    /* U+002B "+" */
    0x0, 0x2, 0xf0, 0x0, 0x0, 0x0, 0x2f, 0x0,
    0x0, 0x0, 0x2, 0xf0, 0x0, 0x3, 0xff, 0xff,
    0xff, 0xf0, 0x3, 0x35, 0xf3, 0x33, 0x0, 0x0,
    0x2f, 0x0, 0x0, 0x0, 0x2, 0xf0, 0x0, 0x0,
    0x0, 0x16, 0x0, 0x0,

    /* U+002C "," */
    0x0, 0x0, 0x9, 0xf1, 0xb, 0xc0, 0xe, 0x60,
    0x2f, 0x0,

    /* U+002D "-" */
    0x1, 0x11, 0x13, 0xff, 0xfa, 0x4, 0x44, 0x20,

    /* U+002E "." */
    0x12, 0xc, 0xf1, 0xae, 0x0,

    /* U+002F "/" */
    0x0, 0x0, 0x18, 0x10, 0x0, 0x6, 0xe0, 0x0,
    0x0, 0xaa, 0x0, 0x0, 0xe, 0x60, 0x0, 0x2,
    0xf2, 0x0, 0x0, 0x6e, 0x0, 0x0, 0xa, 0xa0,
    0x0, 0x0, 0xe6, 0x0, 0x0, 0x2f, 0x20, 0x0,
    0x6, 0xe0, 0x0, 0x0, 0xaa, 0x0, 0x0, 0xe,
    0x60, 0x0, 0x3, 0xf2, 0x0, 0x0, 0x7e, 0x0,
    0x0, 0xb, 0xa0, 0x0, 0x0, 0xf6, 0x0, 0x0,
    0x3f, 0x20, 0x0, 0x0,

    /* U+0030 "0" */
    0x0, 0x6e, 0xfd, 0x40, 0x0, 0x5f, 0x84, 0xaf,
    0x20, 0xc, 0xb0, 0x0, 0xd9, 0x0, 0xf6, 0x0,
    0x9, 0xd0, 0x2f, 0x40, 0x0, 0x7f, 0x3, 0xf3,
    0x0, 0x6, 0xf0, 0x3f, 0x30, 0x0, 0x6f, 0x2,
    0xf4, 0x0, 0x7, 0xf0, 0xf, 0x60, 0x0, 0x9d,
    0x0, 0xbb, 0x0, 0xd, 0x90, 0x4, 0xf8, 0x4a,
    0xf2, 0x0, 0x5, 0xdf, 0xd4, 0x0,

    /* U+0031 "1" */
    0x0, 0x4f, 0x80, 0x7f, 0xe8, 0x5f, 0x4c, 0x80,
    0x20, 0xd8, 0x0, 0xd, 0x80, 0x0, 0xd8, 0x0,
    0xd, 0x80, 0x0, 0xd8, 0x0, 0xd, 0x80, 0x0,
    0xd8, 0x0, 0xd, 0x80, 0x0, 0xd8,

    /* U+0032 "2" */
    0x2, 0xaf, 0xfc, 0x30, 0xe, 0xb5, 0x4c, 0xe1,
    0x1, 0x0, 0x2, 0xf5, 0x0, 0x0, 0x0, 0xf6,
    0x0, 0x0, 0x4, 0xf3, 0x0, 0x0, 0xc, 0xc0,
    0x0, 0x0, 0x8f, 0x20, 0x0, 0x6, 0xf4, 0x0,
    0x0, 0x4f, 0x60, 0x0, 0x3, 0xf8, 0x0, 0x0,
    0x1e, 0xd6, 0x66, 0x65, 0x4f, 0xff, 0xff, 0xfe,

    /* U+0033 "3" */
    0x5, 0xcf, 0xfc, 0x40, 0x1e, 0x84, 0x4b, 0xf2,
    0x0, 0x0, 0x0, 0xf7, 0x0, 0x0, 0x1, 0xf6,
    0x0, 0x0, 0x2b, 0xc0, 0x0, 0x9f, 0xfb, 0x10,
    0x0, 0x23, 0x4a, 0xe3, 0x0, 0x0, 0x0, 0xcb,
    0x0, 0x0, 0x0, 0x9d, 0x0, 0x0, 0x0, 0xdb,
    0x5a, 0x64, 0x5b, 0xf3, 0x2b, 0xef, 0xfb, 0x40,

    /* U+0034 "4" */
    0x0, 0x0, 0x1e, 0xd0, 0x0, 0x0, 0x9, 0xed,
    0x0, 0x0, 0x4, 0xf9, 0xd0, 0x0, 0x0, 0xd7,
    0x8d, 0x0, 0x0, 0x9c, 0x8, 0xd0, 0x0, 0x3f,
    0x20, 0x8d, 0x0, 0xd, 0x70, 0x8, 0xd0, 0x8,
    0xd1, 0x11, 0x9d, 0x10, 0xdf, 0xff, 0xff, 0xff,
    0x83, 0x44, 0x44, 0xad, 0x42, 0x0, 0x0, 0x8,
    0xd0, 0x0, 0x0, 0x0, 0x8d, 0x0,

    /* U+0035 "5" */
    0x5f, 0xff, 0xff, 0x16, 0xe5, 0x55, 0x50, 0x7d,
    0x0, 0x0, 0x8, 0xc0, 0x0, 0x0, 0xaa, 0x0,
    0x0, 0xb, 0xff, 0xfd, 0x60, 0x25, 0x34, 0x9f,
    0x60, 0x0, 0x0, 0xbd, 0x0, 0x0, 0x8, 0xe0,
    0x0, 0x0, 0xcc, 0xb6, 0x45, 0xaf, 0x49, 0xef,
    0xfc, 0x40,

    /* U+0036 "6" */
    0x0, 0x7, 0xdf, 0xf3, 0x0, 0xa, 0xe6, 0x34,
    0x10, 0x5, 0xf2, 0x0, 0x0, 0x0, 0xba, 0x0,
    0x0, 0x0, 0xe, 0x7a, 0xfe, 0x80, 0x1, 0xfe,
    0x83, 0x5f, 0x80, 0x1f, 0x90, 0x0, 0x8e, 0x1,
    0xf5, 0x0, 0x5, 0xf0, 0xf, 0x60, 0x0, 0x5f,
    0x0, 0xbc, 0x0, 0x9, 0xd0, 0x3, 0xfa, 0x48,
    0xf6, 0x0, 0x4, 0xcf, 0xe6, 0x0,

    /* U+0037 "7" */
    0x4f, 0xff, 0xff, 0xff, 0x1, 0x55, 0x55, 0x5b,
    0xe0, 0x0, 0x0, 0x0, 0xe8, 0x0, 0x0, 0x0,
    0x4f, 0x20, 0x0, 0x0, 0xb, 0xb0, 0x0, 0x0,
    0x2, 0xf5, 0x0, 0x0, 0x0, 0x8e, 0x0, 0x0,
    0x0, 0xe, 0x80, 0x0, 0x0, 0x5, 0xf2, 0x0,
    0x0, 0x0, 0xcb, 0x0, 0x0, 0x0, 0x3f, 0x50,
    0x0, 0x0, 0x9, 0xe0, 0x0, 0x0,

    /* U+0038 "8" */
    0x0, 0x7e, 0xfd, 0x60, 0x7, 0xf6, 0x38, 0xf4,
    0xc, 0xa0, 0x0, 0xd9, 0xb, 0xb0, 0x0, 0xe8,
    0x4, 0xf7, 0x9, 0xe1, 0x0, 0x5f, 0xfe, 0x20,
    0x3, 0xeb, 0x7e, 0xb0, 0xd, 0xa0, 0x1, 0xda,
    0x2f, 0x40, 0x0, 0x7f, 0x1f, 0x50, 0x0, 0x8e,
    0xb, 0xe5, 0x47, 0xf8, 0x1, 0x9e, 0xfd, 0x70,

    /* U+0039 "9" */
    0x0, 0x8e, 0xfc, 0x30, 0x0, 0x9f, 0x64, 0xaf,
    0x20, 0xf, 0x60, 0x0, 0xc9, 0x2, 0xf3, 0x0,
    0x7, 0xe0, 0x1f, 0x40, 0x0, 0x8f, 0x0, 0xcc,
    0x10, 0x5e, 0xf0, 0x2, 0xdf, 0xfc, 0x8f, 0x0,
    0x0, 0x12, 0x9, 0xd0, 0x0, 0x0, 0x0, 0xd9,
    0x0, 0x0, 0x0, 0x5f, 0x30, 0x1, 0x43, 0x8f,
    0x90, 0x0, 0x4f, 0xfd, 0x60, 0x0,

    /* U+003A ":" */
    0x7f, 0x39, 0xf4, 0x2, 0x0, 0x0, 0x0, 0x0,
    0x0, 0x3, 0x9, 0xf4, 0x7f, 0x20,

    /* U+003B ";" */
    0x7, 0xf3, 0x9, 0xf4, 0x0, 0x20, 0x0, 0x0,
    0x0, 0x0, 0x0, 0x0, 0x0, 0x0, 0x9, 0xf0,
    0xc, 0xc0, 0xf, 0x60, 0x2f, 0x0, 0x0, 0x0,

    /* U+003C "<" */
    0x0, 0x0, 0x0, 0x1, 0x0, 0x0, 0x0, 0x18,
    0xf0, 0x0, 0x0, 0x7e, 0xb3, 0x0, 0x6, 0xeb,
    0x30, 0x0, 0x1d, 0xc3, 0x0, 0x0, 0x1, 0xaf,
    0x92, 0x0, 0x0, 0x0, 0x29, 0xfb, 0x30, 0x0,
    0x0, 0x1, 0x8f, 0xc0, 0x0, 0x0, 0x0, 0x17,
    0x0,

    /* U+003D "=" */
    0x3f, 0xff, 0xff, 0xff, 0x0, 0x33, 0x33, 0x33,
    0x30, 0x0, 0x0, 0x0, 0x0, 0x3, 0xff, 0xff,
    0xff, 0xf0, 0x3, 0x33, 0x33, 0x33, 0x0,

    /* U+003E ">" */
    0x10, 0x0, 0x0, 0x0, 0x3, 0xe7, 0x0, 0x0,
    0x0, 0x4, 0xce, 0x50, 0x0, 0x0, 0x0, 0x4c,
    0xd4, 0x0, 0x0, 0x0, 0x5, 0xdc, 0x0, 0x0,
    0x3, 0xbf, 0x80, 0x0, 0x5c, 0xe8, 0x10, 0x2,
    0xde, 0x70, 0x0, 0x0, 0x26, 0x0, 0x0, 0x0,
    0x0,

    /* U+003F "?" */
    0x5b, 0xff, 0xb2, 0x8, 0x95, 0x5d, 0xc0, 0x0,
    0x0, 0x4f, 0x10, 0x0, 0x4, 0xf1, 0x0, 0x0,
    0xbc, 0x0, 0x0, 0xae, 0x20, 0x0, 0x8e, 0x20,
    0x0, 0xe, 0x40, 0x0, 0x0, 0x71, 0x0, 0x0,
    0x3, 0x0, 0x0, 0x4, 0xf9, 0x0, 0x0, 0x2f,
    0x70, 0x0,

    /* U+0040 "@" */
    0x0, 0x0, 0x4a, 0xef, 0xfc, 0x50, 0x0, 0x0,
    0xa, 0xe7, 0x31, 0x26, 0xdb, 0x0, 0x0, 0xac,
    0x10, 0x0, 0x0, 0x1c, 0x80, 0x4, 0xe1, 0x4,
    0xdf, 0xeb, 0x2, 0xf1, 0xa, 0x80, 0x3f, 0x51,
    0x6e, 0x0, 0xd4, 0xe, 0x30, 0xaa, 0x0, 0x5e,
    0x0, 0xa6, 0xf, 0x10, 0xd6, 0x0, 0x6d, 0x0,
    0xb6, 0xf, 0x10, 0xd6, 0x0, 0x8c, 0x0, 0xd4,
    0xf, 0x30, 0x9c, 0x1, 0xde, 0x4, 0xe0, 0xb,
    0x80, 0x1c, 0xfe, 0x48, 0xfe, 0x30, 0x4, 0xf2,
    0x0, 0x10, 0x0, 0x10, 0x0, 0x0, 0x7f, 0x71,
    0x0, 0x15, 0x30, 0x0, 0x0, 0x4, 0xcf, 0xff,
    0xfc, 0x30, 0x0, 0x0, 0x0, 0x0, 0x11, 0x0,
    0x0, 0x0,

    /* U+0041 "A" */
    0x0, 0x0, 0xbe, 0x0, 0x0, 0x0, 0x0, 0x1f,
    0xf5, 0x0, 0x0, 0x0, 0x7, 0xda, 0xb0, 0x0,
    0x0, 0x0, 0xd8, 0x5f, 0x10, 0x0, 0x0, 0x3f,
    0x20, 0xe6, 0x0, 0x0, 0x9, 0xd0, 0x9, 0xc0,
    0x0, 0x0, 0xe8, 0x11, 0x4f, 0x20, 0x0, 0x5f,
    0xff, 0xff, 0xf8, 0x0, 0xb, 0xc4, 0x44, 0x4a,
    0xe0, 0x1, 0xf5, 0x0, 0x0, 0x3f, 0x40, 0x7f,
    0x0, 0x0, 0x0, 0xda, 0xd, 0xa0, 0x0, 0x0,
    0x7, 0xf0,

    /* U+0042 "B" */
    0x7f, 0xff, 0xfd, 0x91, 0x7, 0xf4, 0x44, 0x7f,
    0xd0, 0x7f, 0x0, 0x0, 0x7f, 0x27, 0xf0, 0x0,
    0x6, 0xf1, 0x7f, 0x0, 0x3, 0xd9, 0x7, 0xff,
    0xff, 0xf9, 0x0, 0x7f, 0x33, 0x36, 0xdc, 0x7,
    0xf0, 0x0, 0x2, 0xf6, 0x7f, 0x0, 0x0, 0xf,
    0x87, 0xf0, 0x0, 0x3, 0xf6, 0x7f, 0x44, 0x46,
    0xee, 0x17, 0xff, 0xff, 0xea, 0x20,

    /* U+0043 "C" */
    0x0, 0x3, 0xbe, 0xfe, 0xb4, 0x0, 0x6f, 0xc6,
    0x56, 0xb3, 0x2, 0xfa, 0x0, 0x0, 0x0, 0xa,
    0xf0, 0x0, 0x0, 0x0, 0xe, 0xa0, 0x0, 0x0,
    0x0, 0xf, 0x80, 0x0, 0x0, 0x0, 0xf, 0x80,
    0x0, 0x0, 0x0, 0xe, 0xa0, 0x0, 0x0, 0x0,
    0xa, 0xe0, 0x0, 0x0, 0x0, 0x4, 0xf9, 0x0,
    0x0, 0x0, 0x0, 0x9f, 0xc6, 0x56, 0x92, 0x0,
    0x5, 0xcf, 0xfe, 0xb1,

    /* U+0044 "D" */
    0x7f, 0xff, 0xfd, 0x91, 0x0, 0x7f, 0x44, 0x58,
    0xee, 0x30, 0x7f, 0x0, 0x0, 0x1d, 0xe0, 0x7f,
    0x0, 0x0, 0x4, 0xf5, 0x7f, 0x0, 0x0, 0x0,
    0xf9, 0x7f, 0x0, 0x0, 0x0, 0xdb, 0x7f, 0x0,
    0x0, 0x0, 0xda, 0x7f, 0x0, 0x0, 0x0, 0xf8,
    0x7f, 0x0, 0x0, 0x4, 0xf4, 0x7f, 0x0, 0x0,
    0x1e, 0xd0, 0x7f, 0x44, 0x58, 0xfe, 0x20, 0x7f,
    0xff, 0xfc, 0x81, 0x0,

    /* U+0045 "E" */
    0x7f, 0xff, 0xff, 0xf7, 0xf4, 0x44, 0x44, 0x7f,
    0x0, 0x0, 0x7, 0xf0, 0x0, 0x0, 0x7f, 0x0,
    0x0, 0x7, 0xff, 0xff, 0xfa, 0x7f, 0x33, 0x33,
    0x27, 0xf0, 0x0, 0x0, 0x7f, 0x0, 0x0, 0x7,
    0xf0, 0x0, 0x0, 0x7f, 0x44, 0x44, 0x47, 0xff,
    0xff, 0xff,

    /* U+0046 "F" */
    0x7f, 0xff, 0xff, 0xf7, 0xf4, 0x44, 0x44, 0x7f,
    0x0, 0x0, 0x7, 0xf0, 0x0, 0x0, 0x7f, 0x0,
    0x0, 0x7, 0xf0, 0x0, 0x0, 0x7f, 0xff, 0xff,
    0xa7, 0xf3, 0x33, 0x32, 0x7f, 0x0, 0x0, 0x7,
    0xf0, 0x0, 0x0, 0x7f, 0x0, 0x0, 0x7, 0xf0,
    0x0, 0x0,

    /* U+0047 "G" */
    0x0, 0x2, 0x9d, 0xff, 0xd9, 0x10, 0x5, 0xfd,
    0x75, 0x58, 0xd0, 0x2, 0xfb, 0x0, 0x0, 0x0,
    0x0, 0x9f, 0x10, 0x0, 0x0, 0x0, 0xe, 0xa0,
    0x0, 0x0, 0x0, 0x0, 0xf8, 0x0, 0x0, 0x11,
    0x10, 0xf, 0x80, 0x0, 0x7f, 0xff, 0x70, 0xea,
    0x0, 0x1, 0x44, 0xf7, 0xa, 0xe0, 0x0, 0x0,
    0xf, 0x70, 0x3f, 0x90, 0x0, 0x0, 0xf7, 0x0,
    0x7f, 0xc7, 0x45, 0x7f, 0x70, 0x0, 0x4b, 0xef,
    0xfd, 0xa3,

    /* U+0048 "H" */
    0x7f, 0x0, 0x0, 0x2, 0xf4, 0x7f, 0x0, 0x0,
    0x2, 0xf4, 0x7f, 0x0, 0x0, 0x2, 0xf4, 0x7f,
    0x0, 0x0, 0x2, 0xf4, 0x7f, 0x11, 0x11, 0x13,
    0xf4, 0x7f, 0xff, 0xff, 0xff, 0xf4, 0x7f, 0x44,
    0x44, 0x45, 0xf4, 0x7f, 0x0, 0x0, 0x2, 0xf4,
    0x7f, 0x0, 0x0, 0x2, 0xf4, 0x7f, 0x0, 0x0,
    0x2, 0xf4, 0x7f, 0x0, 0x0, 0x2, 0xf4, 0x7f,
    0x0, 0x0, 0x2, 0xf4,

    /* U+0049 "I" */
    0x5f, 0xff, 0xb0, 0x1f, 0x80, 0x0, 0xf6, 0x0,
    0xf, 0x60, 0x0, 0xf6, 0x0, 0xf, 0x60, 0x0,
    0xf6, 0x0, 0xf, 0x60, 0x0, 0xf6, 0x0, 0xf,
    0x60, 0x1, 0xf7, 0x5, 0xff, 0xfb,

    /* U+004A "J" */
    0x0, 0x8, 0xe0, 0x0, 0x8e, 0x0, 0x8, 0xe0,
    0x0, 0x8e, 0x0, 0x8, 0xe0, 0x0, 0x8e, 0x0,
    0x8, 0xe0, 0x0, 0x8e, 0x0, 0x8, 0xe0, 0x0,
    0x8e, 0x0, 0x8, 0xe0, 0x0, 0x8e, 0x0, 0x9,
    0xd0, 0x13, 0xea, 0x4f, 0xfd, 0x10, 0x32, 0x0,

    /* U+004B "K" */
    0x7f, 0x0, 0x0, 0x6f, 0x47, 0xf0, 0x0, 0x4f,
    0x60, 0x7f, 0x0, 0x2e, 0x90, 0x7, 0xf0, 0x1d,
    0xb0, 0x0, 0x7f, 0xc, 0xc0, 0x0, 0x7, 0xfa,
    0xf6, 0x0, 0x0, 0x7f, 0xdb, 0xf2, 0x0, 0x7,
    0xf0, 0x1e, 0xc0, 0x0, 0x7f, 0x0, 0x4f, 0x70,
    0x7, 0xf0, 0x0, 0x9f, 0x30, 0x7f, 0x0, 0x0,
    0xdd, 0x7, 0xf0, 0x0, 0x2, 0xf8,

    /* U+004C "L" */
    0x7f, 0x0, 0x0, 0x7, 0xf0, 0x0, 0x0, 0x7f,
    0x0, 0x0, 0x7, 0xf0, 0x0, 0x0, 0x7f, 0x0,
    0x0, 0x7, 0xf0, 0x0, 0x0, 0x7f, 0x0, 0x0,
    0x7, 0xf0, 0x0, 0x0, 0x7f, 0x0, 0x0, 0x7,
    0xf0, 0x0, 0x0, 0x7f, 0x55, 0x55, 0x47, 0xff,
    0xff, 0xff,

    /* U+004D "M" */
    0x7f, 0xd0, 0x0, 0x0, 0x5, 0xff, 0x7f, 0xf3,
    0x0, 0x0, 0xb, 0xef, 0x7d, 0xd9, 0x0, 0x0,
    0x1f, 0xaf, 0x7d, 0x8e, 0x0, 0x0, 0x6d, 0x7f,
    0x7d, 0x2f, 0x40, 0x0, 0xc7, 0x7f, 0x7e, 0xc,
    0xa0, 0x2, 0xf2, 0x7f, 0x7e, 0x6, 0xf0, 0x8,
    0xc0, 0x7f, 0x7e, 0x1, 0xf5, 0xe, 0x60, 0x7f,
    0x7e, 0x0, 0xab, 0x4f, 0x10, 0x7f, 0x7e, 0x0,
    0x5f, 0xbb, 0x0, 0x7f, 0x7e, 0x0, 0xe, 0xf5,
    0x0, 0x7f, 0x7e, 0x0, 0x9, 0xe0, 0x0, 0x7f,

    /* U+004E "N" */
    0x7f, 0x80, 0x0, 0x0, 0xb9, 0x7f, 0xf2, 0x0,
    0x0, 0xb9, 0x7d, 0xdc, 0x0, 0x0, 0xb9, 0x7d,
    0x4f, 0x60, 0x0, 0xb9, 0x7d, 0xa, 0xf1, 0x0,
    0xb9, 0x7e, 0x1, 0xfa, 0x0, 0xb9, 0x7e, 0x0,
    0x7f, 0x40, 0xb9, 0x7e, 0x0, 0xd, 0xd0, 0xb9,
    0x7e, 0x0, 0x3, 0xf8, 0xa9, 0x7e, 0x0, 0x0,
    0x9f, 0xd9, 0x7e, 0x0, 0x0, 0x1e, 0xf9, 0x7e,
    0x0, 0x0, 0x6, 0xf9,

    /* U+004F "O" */
    0x0, 0x5, 0xcf, 0xfe, 0x91, 0x0, 0x0, 0x8f,
    0xa5, 0x57, 0xee, 0x20, 0x4, 0xf7, 0x0, 0x0,
    0x1e, 0xb0, 0xa, 0xe0, 0x0, 0x0, 0x6, 0xf2,
    0xe, 0xa0, 0x0, 0x0, 0x2, 0xf6, 0xf, 0x80,
    0x0, 0x0, 0x0, 0xf7, 0xf, 0x80, 0x0, 0x0,
    0x0, 0xf7, 0xe, 0xa0, 0x0, 0x0, 0x2, 0xf6,
    0xa, 0xe0, 0x0, 0x0, 0x6, 0xf2, 0x4, 0xf7,
    0x0, 0x0, 0x1e, 0xb0, 0x0, 0x9f, 0xa5, 0x57,
    0xee, 0x20, 0x0, 0x5, 0xcf, 0xfe, 0x91, 0x0,

    /* U+0050 "P" */
    0x7f, 0xff, 0xfc, 0x50, 0x7f, 0x44, 0x5b, 0xf4,
    0x7f, 0x0, 0x0, 0xdb, 0x7f, 0x0, 0x0, 0xad,
    0x7f, 0x0, 0x0, 0xcb, 0x7f, 0x0, 0x29, 0xf5,
    0x7f, 0xff, 0xfe, 0x60, 0x7f, 0x33, 0x20, 0x0,
    0x7f, 0x0, 0x0, 0x0, 0x7f, 0x0, 0x0, 0x0,
    0x7f, 0x0, 0x0, 0x0, 0x7f, 0x0, 0x0, 0x0,

    /* U+0051 "Q" */
    0x0, 0x5, 0xcf, 0xfe, 0x91, 0x0, 0x0, 0x8f,
    0xa5, 0x57, 0xee, 0x20, 0x4, 0xf7, 0x0, 0x0,
    0x1e, 0xb0, 0xa, 0xe0, 0x0, 0x0, 0x6, 0xf2,
    0xe, 0xa0, 0x0, 0x0, 0x2, 0xf6, 0xf, 0x80,
    0x0, 0x0, 0x0, 0xf7, 0xf, 0x80, 0x0, 0x0,
    0x0, 0xf7, 0xe, 0xa0, 0x0, 0x0, 0x2, 0xf6,
    0xa, 0xe0, 0x0, 0x0, 0x6, 0xf2, 0x4, 0xf7,
    0x0, 0x0, 0x1e, 0xb0, 0x0, 0x9f, 0xa5, 0x57,
    0xee, 0x10, 0x0, 0x5, 0xcf, 0xff, 0xa1, 0x0,
    0x0, 0x0, 0x0, 0x1d, 0xd1, 0x0, 0x0, 0x0,
    0x0, 0x2, 0xed, 0x10, 0x0, 0x0, 0x0, 0x0,
    0x28, 0x50,

    /* U+0052 "R" */
    0x7f, 0xff, 0xfc, 0x50, 0x7, 0xf4, 0x45, 0xbf,
    0x50, 0x7f, 0x0, 0x0, 0xdb, 0x7, 0xf0, 0x0,
    0xa, 0xd0, 0x7f, 0x0, 0x0, 0xcb, 0x7, 0xf0,
    0x1, 0x8f, 0x40, 0x7f, 0xff, 0xfe, 0x40, 0x7,
    0xf3, 0x39, 0xe1, 0x0, 0x7f, 0x0, 0x1e, 0x90,
    0x7, 0xf0, 0x0, 0x6f, 0x30, 0x7f, 0x0, 0x0,
    0xdc, 0x7, 0xf0, 0x0, 0x4, 0xf6,

    /* U+0053 "S" */
    0x0, 0x8e, 0xff, 0xc5, 0x0, 0x9f, 0x85, 0x6a,
    0x60, 0xf, 0x80, 0x0, 0x0, 0x0, 0xf8, 0x0,
    0x0, 0x0, 0xb, 0xe4, 0x0, 0x0, 0x0, 0x1c,
    0xfd, 0x60, 0x0, 0x0, 0x4, 0xaf, 0xd2, 0x0,
    0x0, 0x0, 0x2e, 0xc0, 0x0, 0x0, 0x0, 0x7f,
    0x0, 0x0, 0x0, 0x8, 0xe0, 0x2b, 0x75, 0x59,
    0xf7, 0x1, 0xae, 0xff, 0xc6, 0x0,

    /* U+0054 "T" */
    0xdf, 0xff, 0xff, 0xff, 0xb4, 0x44, 0x7f, 0x64,
    0x43, 0x0, 0x4, 0xf2, 0x0, 0x0, 0x0, 0x4f,
    0x20, 0x0, 0x0, 0x4, 0xf2, 0x0, 0x0, 0x0,
    0x4f, 0x20, 0x0, 0x0, 0x4, 0xf2, 0x0, 0x0,
    0x0, 0x4f, 0x20, 0x0, 0x0, 0x4, 0xf2, 0x0,
    0x0, 0x0, 0x4f, 0x20, 0x0, 0x0, 0x4, 0xf2,
    0x0, 0x0, 0x0, 0x4f, 0x20, 0x0,

    /* U+0055 "U" */
    0x9e, 0x0, 0x0, 0x3, 0xf3, 0x9e, 0x0, 0x0,
    0x3, 0xf3, 0x9e, 0x0, 0x0, 0x3, 0xf3, 0x9e,
    0x0, 0x0, 0x3, 0xf3, 0x9e, 0x0, 0x0, 0x3,
    0xf3, 0x9e, 0x0, 0x0, 0x3, 0xf3, 0x9e, 0x0,
    0x0, 0x3, 0xf3, 0x8e, 0x0, 0x0, 0x3, 0xf3,
    0x7f, 0x0, 0x0, 0x4, 0xf2, 0x3f, 0x50, 0x0,
    0xa, 0xe0, 0xa, 0xf8, 0x55, 0xaf, 0x50, 0x0,
    0x8d, 0xff, 0xc4, 0x0,

    /* U+0056 "V" */
    0xda, 0x0, 0x0, 0x1, 0xf6, 0x7f, 0x0, 0x0,
    0x6, 0xf1, 0x2f, 0x50, 0x0, 0xc, 0xb0, 0xd,
    0xa0, 0x0, 0x1f, 0x60, 0x7, 0xf0, 0x0, 0x6f,
    0x10, 0x2, 0xf5, 0x0, 0xcb, 0x0, 0x0, 0xca,
    0x1, 0xf6, 0x0, 0x0, 0x7f, 0x6, 0xf1, 0x0,
    0x0, 0x1f, 0x5b, 0xb0, 0x0, 0x0, 0xc, 0xaf,
    0x50, 0x0, 0x0, 0x6, 0xff, 0x0, 0x0, 0x0,
    0x1, 0xfa, 0x0, 0x0,

    /* U+0057 "W" */
    0xbd, 0x0, 0x0, 0x8f, 0x40, 0x0, 0xf, 0x87,
    0xf1, 0x0, 0xc, 0xf8, 0x0, 0x3, 0xf4, 0x3f,
    0x40, 0x1, 0xfc, 0xd0, 0x0, 0x6f, 0x0, 0xe8,
    0x0, 0x5f, 0x5f, 0x20, 0xa, 0xc0, 0xa, 0xc0,
    0x9, 0xc0, 0xf6, 0x0, 0xe8, 0x0, 0x6f, 0x0,
    0xe8, 0xb, 0xb0, 0x2f, 0x40, 0x2, 0xf4, 0x2f,
    0x30, 0x6f, 0x6, 0xf0, 0x0, 0xe, 0x87, 0xe0,
    0x2, 0xf4, 0xac, 0x0, 0x0, 0xab, 0xaa, 0x0,
    0xd, 0x8d, 0x80, 0x0, 0x6, 0xee, 0x60, 0x0,
    0x8c, 0xf4, 0x0, 0x0, 0x2f, 0xf1, 0x0, 0x4,
    0xff, 0x0, 0x0, 0x0, 0xed, 0x0, 0x0, 0xf,
    0xc0, 0x0,

    /* U+0058 "X" */
    0x6f, 0x30, 0x0, 0xc, 0xb0, 0xc, 0xc0, 0x0,
    0x6f, 0x20, 0x2, 0xf6, 0x1, 0xe8, 0x0, 0x0,
    0x8e, 0x19, 0xd0, 0x0, 0x0, 0xe, 0xbf, 0x40,
    0x0, 0x0, 0x5, 0xfa, 0x0, 0x0, 0x0, 0x9,
    0xfe, 0x10, 0x0, 0x0, 0x3f, 0x4e, 0x90, 0x0,
    0x0, 0xca, 0x5, 0xf3, 0x0, 0x6, 0xf1, 0x0,
    0xcc, 0x0, 0x1f, 0x70, 0x0, 0x3f, 0x60, 0xad,
    0x0, 0x0, 0x9, 0xe1,

    /* U+0059 "Y" */
    0xbd, 0x0, 0x0, 0xc, 0xc0, 0x3f, 0x50, 0x0,
    0x4f, 0x40, 0xb, 0xd0, 0x0, 0xcc, 0x0, 0x3,
    0xf5, 0x4, 0xf3, 0x0, 0x0, 0xbd, 0xc, 0xb0,
    0x0, 0x0, 0x2f, 0xaf, 0x30, 0x0, 0x0, 0xa,
    0xfb, 0x0, 0x0, 0x0, 0x3, 0xf4, 0x0, 0x0,
    0x0, 0x3, 0xf4, 0x0, 0x0, 0x0, 0x3, 0xf4,
    0x0, 0x0, 0x0, 0x3, 0xf4, 0x0, 0x0, 0x0,
    0x3, 0xf4, 0x0, 0x0,

    /* U+005A "Z" */
    0x3f, 0xff, 0xff, 0xff, 0x61, 0x55, 0x55, 0x5b,
    0xf2, 0x0, 0x0, 0x2, 0xf8, 0x0, 0x0, 0x0,
    0xbd, 0x0, 0x0, 0x0, 0x6f, 0x40, 0x0, 0x0,
    0x1e, 0x90, 0x0, 0x0, 0xa, 0xe1, 0x0, 0x0,
    0x4, 0xf5, 0x0, 0x0, 0x0, 0xdb, 0x0, 0x0,
    0x0, 0x8f, 0x20, 0x0, 0x0, 0x2f, 0xb5, 0x55,
    0x55, 0x26, 0xff, 0xff, 0xff, 0xf8,

    /* U+005B "[" */
    0x4f, 0xfd, 0x4f, 0x22, 0x4f, 0x0, 0x4f, 0x0,
    0x4f, 0x0, 0x4f, 0x0, 0x4f, 0x0, 0x4f, 0x0,
    0x4f, 0x0, 0x4f, 0x0, 0x4f, 0x0, 0x4f, 0x0,
    0x4f, 0x0, 0x4f, 0x0, 0x4f, 0x0, 0x4f, 0xfd,
    0x2, 0x22,

    /* U+005C "\\" */
    0x28, 0x0, 0x0, 0x1, 0xf3, 0x0, 0x0, 0xd,
    0x70, 0x0, 0x0, 0x9c, 0x0, 0x0, 0x5, 0xf0,
    0x0, 0x0, 0x1f, 0x40, 0x0, 0x0, 0xc8, 0x0,
    0x0, 0x8, 0xc0, 0x0, 0x0, 0x4f, 0x0, 0x0,
    0x0, 0xf4, 0x0, 0x0, 0xc, 0x80, 0x0, 0x0,
    0x8c, 0x0, 0x0, 0x4, 0xf0, 0x0, 0x0, 0xf,
    0x40, 0x0, 0x0, 0xc8, 0x0, 0x0, 0x8, 0xc0,
    0x0, 0x0, 0x4f, 0x10,

    /* U+005D "]" */
    0x2f, 0xff, 0x2, 0x7f, 0x0, 0x5f, 0x0, 0x5f,
    0x0, 0x5f, 0x0, 0x5f, 0x0, 0x5f, 0x0, 0x5f,
    0x0, 0x5f, 0x0, 0x5f, 0x0, 0x5f, 0x0, 0x5f,
    0x0, 0x5f, 0x0, 0x5f, 0x0, 0x5f, 0x2f, 0xff,
    0x2, 0x22,

    /* U+005E "^" */
    0x0, 0x0, 0x70, 0x0, 0x0, 0x0, 0x6f, 0x50,
    0x0, 0x0, 0xe, 0x9c, 0x0, 0x0, 0x6, 0xc0,
    0xe3, 0x0, 0x0, 0xd5, 0x7, 0xb0, 0x0, 0x5d,
    0x0, 0xf, 0x30, 0xd, 0x60, 0x0, 0x9a, 0x4,
    0xe0, 0x0, 0x2, 0xf2,

    /* U+005F "_" */
    0xf, 0xff, 0xff, 0xf9, 0x2, 0x22, 0x22, 0x21,

    /* U+0060 "`" */
    0x28, 0x30, 0xa, 0xd0, 0x0, 0xa9,

    /* U+0061 "a" */
    0x1, 0x9e, 0xfe, 0x90, 0x1, 0xb5, 0x37, 0xf6,
    0x0, 0x0, 0x0, 0xda, 0x0, 0x0, 0x0, 0xbb,
    0x2, 0x9d, 0xee, 0xfb, 0xe, 0xc4, 0x11, 0xcb,
    0x3f, 0x30, 0x0, 0xdb, 0x1f, 0x80, 0x18, 0xfb,
    0x6, 0xef, 0xe7, 0x7b,

    /* U+0062 "b" */
    0xac, 0x0, 0x0, 0x0, 0xac, 0x0, 0x0, 0x0,
    0xac, 0x0, 0x0, 0x0, 0xab, 0x6e, 0xfd, 0x50,
    0xaf, 0xc4, 0x3a, 0xf3, 0xaf, 0x10, 0x0, 0xdb,
    0xad, 0x0, 0x0, 0x9e, 0xac, 0x0, 0x0, 0x8f,
    0xad, 0x0, 0x0, 0x9e, 0xaf, 0x10, 0x0, 0xda,
    0xae, 0xc4, 0x3a, 0xf3, 0xa7, 0x6e, 0xfd, 0x50,

    /* U+0063 "c" */
    0x0, 0x4c, 0xff, 0xb0, 0x4, 0xfa, 0x45, 0x70,
    0xd, 0xb0, 0x0, 0x0, 0xf, 0x60, 0x0, 0x0,
    0x1f, 0x50, 0x0, 0x0, 0xf, 0x60, 0x0, 0x0,
    0xd, 0xb0, 0x0, 0x0, 0x5, 0xf9, 0x45, 0x90,
    0x0, 0x5c, 0xff, 0xb0,

    /* U+0064 "d" */
    0x0, 0x0, 0x0, 0xe, 0x70, 0x0, 0x0, 0x0,
    0xe7, 0x0, 0x0, 0x0, 0xe, 0x70, 0x6, 0xef,
    0xd4, 0xe7, 0x6, 0xf8, 0x35, 0xdf, 0x70, 0xdb,
    0x0, 0x3, 0xf7, 0x1f, 0x60, 0x0, 0xf, 0x71,
    0xf5, 0x0, 0x0, 0xe7, 0x1f, 0x60, 0x0, 0xf,
    0x70, 0xdb, 0x0, 0x3, 0xf7, 0x6, 0xf8, 0x35,
    0xdf, 0x70, 0x7, 0xef, 0xd4, 0xb7,

    /* U+0065 "e" */
    0x0, 0x4d, 0xfe, 0x70, 0x0, 0x4f, 0x93, 0x6f,
    0x70, 0xc, 0xc0, 0x0, 0x8e, 0x0, 0xf7, 0x0,
    0x4, 0xf2, 0x1f, 0xff, 0xff, 0xff, 0x30, 0xf7,
    0x22, 0x22, 0x20, 0xc, 0xa0, 0x0, 0x0, 0x0,
    0x4f, 0xa4, 0x46, 0x80, 0x0, 0x4c, 0xff, 0xd7,
    0x0,

    /* U+0066 "f" */
    0x0, 0x5d, 0xfe, 0x0, 0x1f, 0x93, 0x40, 0x3,
    0xf2, 0x0, 0x8, 0xef, 0xff, 0x50, 0x15, 0xf4,
    0x20, 0x0, 0x4f, 0x20, 0x0, 0x4, 0xf2, 0x0,
    0x0, 0x4f, 0x20, 0x0, 0x4, 0xf2, 0x0, 0x0,
    0x4f, 0x20, 0x0, 0x4, 0xf2, 0x0, 0x0, 0x4f,
    0x20, 0x0,

    /* U+0067 "g" */
    0x0, 0x6e, 0xfd, 0x4b, 0x70, 0x5f, 0x93, 0x5d,
    0xf7, 0xd, 0xb0, 0x0, 0x3f, 0x70, 0xf6, 0x0,
    0x0, 0xf7, 0x1f, 0x50, 0x0, 0xe, 0x70, 0xf6,
    0x0, 0x0, 0xf7, 0xd, 0xb0, 0x0, 0x2f, 0x70,
    0x6f, 0x83, 0x4d, 0xf7, 0x0, 0x7e, 0xfd, 0x4e,
    0x70, 0x0, 0x0, 0x0, 0xe7, 0x0, 0x0, 0x0,
    0x2f, 0x50, 0x68, 0x43, 0x5d, 0xd0, 0x3, 0xce,
    0xfe, 0xa2, 0x0,

    /* U+0068 "h" */
    0xac, 0x0, 0x0, 0x0, 0xac, 0x0, 0x0, 0x0,
    0xac, 0x0, 0x0, 0x0, 0xac, 0x5d, 0xfe, 0x70,
    0xae, 0xc4, 0x39, 0xf4, 0xaf, 0x10, 0x0, 0xe8,
    0xad, 0x0, 0x0, 0xc9, 0xac, 0x0, 0x0, 0xc9,
    0xac, 0x0, 0x0, 0xc9, 0xac, 0x0, 0x0, 0xc9,
    0xac, 0x0, 0x0, 0xc9, 0xac, 0x0, 0x0, 0xc9,

    /* U+0069 "i" */
    0x9b, 0x79, 0x0, 0xac, 0xac, 0xac, 0xac, 0xac,
    0xac, 0xac, 0xac, 0xac,

    /* U+006A "j" */
    0x0, 0x9b, 0x0, 0x79, 0x0, 0x0, 0x0, 0xac,
    0x0, 0xac, 0x0, 0xac, 0x0, 0xac, 0x0, 0xac,
    0x0, 0xac, 0x0, 0xac, 0x0, 0xac, 0x0, 0xac,
    0x0, 0xac, 0x0, 0xac, 0x44, 0xe9, 0xcf, 0xc1,

    /* U+006B "k" */
    0xac, 0x0, 0x0, 0x0, 0xac, 0x0, 0x0, 0x0,
    0xac, 0x0, 0x0, 0x0, 0xac, 0x0, 0x1d, 0xb0,
    0xac, 0x0, 0xcc, 0x0, 0xac, 0xb, 0xd1, 0x0,
    0xab, 0x9e, 0x10, 0x0, 0xae, 0xff, 0x30, 0x0,
    0xae, 0x2c, 0xd0, 0x0, 0xac, 0x2, 0xf9, 0x0,
    0xac, 0x0, 0x5f, 0x50, 0xac, 0x0, 0xa, 0xe1,

    /* U+006C "l" */
    0xac, 0xac, 0xac, 0xac, 0xac, 0xac, 0xac, 0xac,
    0xac, 0xac, 0xac, 0xac,

    /* U+006D "m" */
    0xa9, 0x6e, 0xfc, 0x33, 0xcf, 0xe8, 0xa, 0xec,
    0x44, 0xde, 0xd6, 0x38, 0xf5, 0xaf, 0x10, 0x4,
    0xf7, 0x0, 0xd, 0x9a, 0xd0, 0x0, 0x3f, 0x40,
    0x0, 0xba, 0xac, 0x0, 0x3, 0xf3, 0x0, 0xb,
    0xaa, 0xc0, 0x0, 0x3f, 0x30, 0x0, 0xba, 0xac,
    0x0, 0x3, 0xf3, 0x0, 0xb, 0xaa, 0xc0, 0x0,
    0x3f, 0x30, 0x0, 0xba, 0xac, 0x0, 0x3, 0xf3,
    0x0, 0xb, 0xa0,

    /* U+006E "n" */
    0xa9, 0x5d, 0xfe, 0x70, 0xae, 0xc5, 0x39, 0xf4,
    0xaf, 0x10, 0x0, 0xe8, 0xad, 0x0, 0x0, 0xc9,
    0xac, 0x0, 0x0, 0xc9, 0xac, 0x0, 0x0, 0xc9,
    0xac, 0x0, 0x0, 0xc9, 0xac, 0x0, 0x0, 0xc9,
    0xac, 0x0, 0x0, 0xc9,

    /* U+006F "o" */
    0x0, 0x4c, 0xff, 0xa1, 0x0, 0x4f, 0x94, 0x4c,
    0xe1, 0xd, 0xb0, 0x0, 0x1f, 0x70, 0xf6, 0x0,
    0x0, 0xbb, 0x1f, 0x50, 0x0, 0xa, 0xc0, 0xf6,
    0x0, 0x0, 0xbb, 0xc, 0xb0, 0x0, 0x1f, 0x70,
    0x3f, 0x93, 0x4c, 0xe1, 0x0, 0x4c, 0xff, 0xa2,
    0x0,

    /* U+0070 "p" */
    0xa9, 0x6d, 0xfd, 0x50, 0xae, 0xc4, 0x4a, 0xf4,
    0xaf, 0x10, 0x0, 0xdb, 0xad, 0x0, 0x0, 0x9e,
    0xac, 0x0, 0x0, 0x8f, 0xad, 0x0, 0x0, 0x9e,
    0xaf, 0x10, 0x0, 0xea, 0xaf, 0xc4, 0x3a, 0xf3,
    0xab, 0x6d, 0xfd, 0x40, 0xac, 0x0, 0x0, 0x0,
    0xac, 0x0, 0x0, 0x0, 0xac, 0x0, 0x0, 0x0,
    0xac, 0x0, 0x0, 0x0,

    /* U+0071 "q" */
    0x0, 0x6d, 0xfd, 0x4b, 0x70, 0x5f, 0x83, 0x5d,
    0xf7, 0xd, 0xb0, 0x0, 0x4f, 0x70, 0xf6, 0x0,
    0x0, 0xf7, 0x1f, 0x50, 0x0, 0xe, 0x71, 0xf6,
    0x0, 0x0, 0xf7, 0xd, 0xb0, 0x0, 0x3f, 0x70,
    0x6f, 0x83, 0x5d, 0xf7, 0x0, 0x7e, 0xfd, 0x4e,
    0x70, 0x0, 0x0, 0x0, 0xe7, 0x0, 0x0, 0x0,
    0xe, 0x70, 0x0, 0x0, 0x0, 0xe7, 0x0, 0x0,
    0x0, 0xe, 0x70,

    /* U+0072 "r" */
    0xa8, 0x3d, 0xf4, 0xac, 0xe7, 0x51, 0xaf, 0x40,
    0x0, 0xad, 0x0, 0x0, 0xac, 0x0, 0x0, 0xac,
    0x0, 0x0, 0xac, 0x0, 0x0, 0xac, 0x0, 0x0,
    0xac, 0x0, 0x0,

    /* U+0073 "s" */
    0x3, 0xcf, 0xfd, 0x60, 0xfa, 0x33, 0x74, 0x2f,
    0x40, 0x0, 0x0, 0xce, 0x71, 0x0, 0x0, 0x7d,
    0xf9, 0x10, 0x0, 0x5, 0xeb, 0x0, 0x0, 0x7,
    0xe2, 0x94, 0x34, 0xdb, 0x1b, 0xef, 0xe9, 0x10,

    /* U+0074 "t" */
    0x1, 0xd0, 0x0, 0x6, 0xe0, 0x0, 0x8f, 0xff,
    0xf5, 0x19, 0xe2, 0x20, 0x8, 0xe0, 0x0, 0x8,
    0xe0, 0x0, 0x8, 0xe0, 0x0, 0x8, 0xe0, 0x0,
    0x8, 0xe0, 0x0, 0x5, 0xf7, 0x32, 0x0, 0x9f,
    0xf5,

    /* U+0075 "u" */
    0xbb, 0x0, 0x0, 0xe8, 0xbb, 0x0, 0x0, 0xe8,
    0xbb, 0x0, 0x0, 0xe8, 0xbb, 0x0, 0x0, 0xe8,
    0xbb, 0x0, 0x0, 0xe8, 0xbb, 0x0, 0x0, 0xe8,
    0xac, 0x0, 0x2, 0xf8, 0x6f, 0x50, 0x2c, 0xf8,
    0x8, 0xef, 0xd6, 0xb8,

    /* U+0076 "v" */
    0xda, 0x0, 0x0, 0x8e, 0x7, 0xf0, 0x0, 0xe,
    0x90, 0x1f, 0x50, 0x3, 0xf3, 0x0, 0xbb, 0x0,
    0x9d, 0x0, 0x6, 0xf1, 0xe, 0x70, 0x0, 0xf,
    0x64, 0xf2, 0x0, 0x0, 0xab, 0x9c, 0x0, 0x0,
    0x4, 0xfe, 0x60, 0x0, 0x0, 0xe, 0xf1, 0x0,
    0x0,

    /* U+0077 "w" */
    0xbc, 0x0, 0x9, 0xf3, 0x0, 0x2f, 0x47, 0xf0,
    0x0, 0xee, 0x80, 0x6, 0xf0, 0x2f, 0x40, 0x3f,
    0x8c, 0x0, 0xab, 0x0, 0xe7, 0x8, 0xc3, 0xf1,
    0xe, 0x70, 0xa, 0xb0, 0xd7, 0xe, 0x62, 0xf3,
    0x0, 0x6f, 0x2f, 0x30, 0xaa, 0x6e, 0x0, 0x2,
    0xf8, 0xe0, 0x5, 0xea, 0xa0, 0x0, 0xd, 0xe9,
    0x0, 0x1f, 0xf6, 0x0, 0x0, 0x9f, 0x40, 0x0,
    0xcf, 0x20, 0x0,

    /* U+0078 "x" */
    0x3f, 0x50, 0x0, 0xda, 0x0, 0x9e, 0x10, 0x8e,
    0x10, 0x0, 0xda, 0x3f, 0x50, 0x0, 0x3, 0xfe,
    0xa0, 0x0, 0x0, 0xc, 0xf3, 0x0, 0x0, 0x5,
    0xfc, 0xc0, 0x0, 0x1, 0xe8, 0x1f, 0x70, 0x0,
    0xbd, 0x0, 0x6f, 0x20, 0x6f, 0x30, 0x0, 0xbd,
    0x0,

    /* U+0079 "y" */
    0xcb, 0x0, 0x0, 0x8f, 0x6, 0xf1, 0x0, 0xd,
    0x90, 0x1f, 0x60, 0x3, 0xf4, 0x0, 0xac, 0x0,
    0x9e, 0x0, 0x4, 0xf2, 0xe, 0x80, 0x0, 0xe,
    0x83, 0xf2, 0x0, 0x0, 0x8d, 0x8d, 0x0, 0x0,
    0x2, 0xfe, 0x70, 0x0, 0x0, 0xb, 0xf1, 0x0,
    0x0, 0x0, 0xbb, 0x0, 0x0, 0x0, 0x1f, 0x50,
    0x0, 0x3, 0x4c, 0xd0, 0x0, 0x0, 0xcf, 0xc2,
    0x0, 0x0, 0x0,

    /* U+007A "z" */
    0x1f, 0xff, 0xff, 0xc0, 0x22, 0x23, 0xf8, 0x0,
    0x0, 0xad, 0x0, 0x0, 0x5f, 0x30, 0x0, 0x1e,
    0x70, 0x0, 0xa, 0xc0, 0x0, 0x5, 0xf2, 0x0,
    0x1, 0xe9, 0x22, 0x21, 0x6f, 0xff, 0xff, 0xe0,

    /* U+007B "{" */
    0x0, 0x7, 0xe6, 0x0, 0x3f, 0x61, 0x0, 0x5f,
    0x0, 0x0, 0x5f, 0x0, 0x0, 0x5f, 0x0, 0x0,
    0x5f, 0x0, 0x1, 0xbc, 0x0, 0x4f, 0xc1, 0x0,
    0x14, 0xd9, 0x0, 0x0, 0x5f, 0x0, 0x0, 0x5f,
    0x0, 0x0, 0x5f, 0x0, 0x0, 0x5f, 0x0, 0x0,
    0x5f, 0x0, 0x0, 0x3f, 0x40, 0x0, 0x9, 0xf6,
    0x0, 0x0, 0x11,

    /* U+007C "|" */
    0x27, 0x4e, 0x4e, 0x4e, 0x4e, 0x4e, 0x4e, 0x4e,
    0x4e, 0x4e, 0x4e, 0x4e, 0x4e, 0x4e, 0x4e, 0x4e,
    0x4e,

    /* U+007D "}" */
    0x2e, 0xa0, 0x0, 0x4, 0xe7, 0x0, 0x0, 0xb9,
    0x0, 0x0, 0xb9, 0x0, 0x0, 0xb9, 0x0, 0x0,
    0xb9, 0x0, 0x0, 0x8d, 0x20, 0x0, 0x9, 0xf8,
    0x0, 0x5f, 0x61, 0x0, 0xba, 0x0, 0x0, 0xb9,
    0x0, 0x0, 0xb9, 0x0, 0x0, 0xb9, 0x0, 0x0,
    0xb9, 0x0, 0x1, 0xe7, 0x0, 0x2f, 0xc1, 0x0,
    0x2, 0x0, 0x0,

    /* U+007E "~" */
    0x0, 0x0, 0x0, 0x0, 0x0, 0xaf, 0xe8, 0x21,
    0x90, 0x39, 0x36, 0xcf, 0xfb, 0x0, 0x0, 0x0,
    0x12, 0x0,

    /* U+0900 "ऀ" */
    0x0, 0x0, 0x0, 0x0, 0x3c, 0xfe, 0x70, 0xe,
    0x83, 0x3e, 0x52, 0xe0, 0xf6, 0x88, 0x0, 0x3,
    0x0, 0x0,

    /* U+0901 "ँ" */
    0x0, 0x3, 0x0, 0x2, 0xb0, 0xf6, 0x66, 0xe,
    0x73, 0x3e, 0x50, 0x3c, 0xfe, 0x70,

    /* U+0902 "ं" */
    0x42, 0xec, 0x43,

    /* U+0903 "ः" */
    0xff, 0xf7, 0x22, 0x21, 0x7, 0x20, 0x5f, 0x80,
    0x7, 0x20, 0x0, 0x0, 0x7, 0x20, 0x5f, 0x80,
    0x7, 0x20,

    /* U+0904 "ऄ" */
    0x0, 0x0, 0x3, 0x0, 0x0, 0x0, 0x0, 0x0,
    0x2, 0xf4, 0x0, 0x0, 0x0, 0x0, 0x0, 0x8,
    0xff, 0xf9, 0x0, 0x0, 0x0, 0x0, 0x0, 0x3,
    0xf4, 0x0, 0x0, 0x0, 0x0, 0x0, 0xa, 0x90,
    0x0, 0x7, 0xef, 0xe8, 0xa, 0xff, 0xf7, 0x0,
    0x34, 0x25, 0xf3, 0x19, 0xd2, 0x10, 0x0, 0x0,
    0xf, 0x40, 0x8c, 0x0, 0x0, 0x2, 0x8d, 0xd1,
    0x19, 0xc0, 0x5, 0xc0, 0x3a, 0xcf, 0xff, 0xfc,
    0x0, 0x1f, 0x30, 0x0, 0xe6, 0x8, 0xc0, 0x0,
    0x9b, 0x0, 0xa, 0x90, 0x8c, 0x0, 0x1, 0xe9,
    0x14, 0xf6, 0x8, 0xc0, 0x0, 0x2, 0xcf, 0xf9,
    0x0, 0x8c, 0x0, 0x0, 0x0, 0x0, 0x0, 0x8,
    0xc0, 0x0,

    /* U+0905 "अ" */
    0x0, 0x7e, 0xfe, 0x70, 0xaf, 0xff, 0x70, 0x4,
    0x52, 0x5f, 0x31, 0x9d, 0x21, 0x0, 0x0, 0x0,
    0xf4, 0x8, 0xc0, 0x0, 0x0, 0x27, 0xce, 0x11,
    0x8c, 0x0, 0x4b, 0x4, 0xcd, 0xff, 0xff, 0xc0,
    0x2, 0xf3, 0x0, 0x1e, 0x51, 0x8c, 0x0, 0xa,
    0xb0, 0x0, 0xa9, 0x8, 0xc0, 0x0, 0x1e, 0x92,
    0x4e, 0x60, 0x8c, 0x0, 0x0, 0x2c, 0xff, 0x90,
    0x8, 0xc0, 0x0, 0x0, 0x0, 0x0, 0x0, 0x8c,
    0x0,

    /* U+0906 "आ" */
    0x0, 0x7e, 0xfe, 0x70, 0xaf, 0xff, 0xff, 0xff,
    0x90, 0x4, 0x52, 0x5f, 0x31, 0x9d, 0x22, 0x7f,
    0x21, 0x0, 0x0, 0x0, 0xf4, 0x8, 0xc0, 0x5,
    0xf0, 0x0, 0x0, 0x27, 0xce, 0x11, 0x8c, 0x0,
    0x5f, 0x0, 0x4b, 0x4, 0xcd, 0xff, 0xff, 0xc0,
    0x5, 0xf0, 0x2, 0xf3, 0x0, 0x1e, 0x51, 0x8c,
    0x0, 0x5f, 0x0, 0xa, 0xb0, 0x0, 0xa9, 0x8,
    0xc0, 0x5, 0xf0, 0x0, 0x1e, 0x92, 0x4e, 0x60,
    0x8c, 0x0, 0x5f, 0x0, 0x0, 0x2c, 0xff, 0x90,
    0x8, 0xc0, 0x5, 0xf0, 0x0, 0x0, 0x0, 0x0,
    0x0, 0x8c, 0x0, 0x5f, 0x0,

    /* U+0907 "इ" */
    0xff, 0xff, 0xff, 0xff, 0x12, 0x22, 0x22, 0xd8,
    0x20, 0x0, 0x1, 0x1d, 0x70, 0x0, 0xaf, 0xff,
    0xf7, 0x0, 0x2f, 0x41, 0x21, 0x0, 0x0, 0xdb,
    0xdf, 0xe5, 0x0, 0x2, 0xa4, 0x18, 0xf0, 0x0,
    0x0, 0x0, 0x2f, 0x20, 0x3f, 0x91, 0x3b, 0xe0,
    0x1, 0xbf, 0xfe, 0xa2, 0x0, 0x0, 0x3f, 0x50,
    0x0, 0x0, 0x0, 0x6f, 0x40, 0x0, 0x0, 0x0,
    0x50, 0x0, 0x0,

    /* U+0908 "ई" */
    0x0, 0x0, 0x5d, 0xfc, 0x0, 0x0, 0xe, 0x92,
    0x30, 0x0, 0x0, 0xe5, 0x0, 0x0, 0x0, 0x6,
    0xd0, 0x0, 0xff, 0xff, 0xff, 0xff, 0x12, 0x22,
    0x22, 0xd8, 0x20, 0x0, 0x1, 0x1d, 0x70, 0x0,
    0xaf, 0xff, 0xf7, 0x0, 0x2f, 0x41, 0x11, 0x0,
    0x1, 0xf5, 0x11, 0x0, 0x0, 0x5, 0xff, 0xff,
    0x70, 0x0, 0x1, 0x11, 0x6f, 0x10, 0x3f, 0x81,
    0x28, 0xf0, 0x1, 0xbf, 0xff, 0xb4, 0x0, 0x0,
    0x8e, 0x20, 0x0, 0x0, 0x0, 0xbd, 0x10, 0x0,
    0x0, 0x1, 0xc3, 0x0, 0x0,

    /* U+0909 "उ" */
    0xff, 0xff, 0xff, 0xff, 0xf0, 0x22, 0x22, 0x25,
    0xf5, 0x20, 0x0, 0x0, 0x0, 0xc7, 0x0, 0x0,
    0x0, 0x3, 0xf6, 0x0, 0x3, 0x4, 0xdf, 0xe0,
    0x0, 0x6e, 0x1, 0x65, 0xf6, 0x0, 0xf, 0x50,
    0x0, 0x8d, 0x0, 0x8, 0xd0, 0x0, 0x6f, 0x0,
    0x0, 0xdb, 0x44, 0xdb, 0x0, 0x0, 0x1a, 0xff,
    0xb1, 0x0,

    /* U+090A "ऊ" */
    0xff, 0xff, 0xff, 0xff, 0xff, 0xff, 0xc2, 0x22,
    0x22, 0x5f, 0x64, 0x22, 0x21, 0x0, 0x0, 0x0,
    0xc7, 0x0, 0x0, 0x0, 0x0, 0x0, 0x3f, 0x70,
    0x0, 0x0, 0x3, 0x4, 0xdf, 0xf1, 0x0, 0x0,
    0x6, 0xe0, 0x3c, 0x9f, 0xbe, 0xfd, 0x30, 0xf,
    0x50, 0x0, 0x8f, 0x21, 0x9d, 0x0, 0x8d, 0x0,
    0x6, 0xf0, 0x5, 0xf0, 0x0, 0xdb, 0x44, 0xdb,
    0x0, 0xcb, 0x0, 0x1, 0xaf, 0xfb, 0x10, 0x5e,
    0x20, 0x0, 0x0, 0x0, 0x0, 0x0, 0x0, 0x0,

    /* U+090B "ऋ" */
    0xff, 0xff, 0xff, 0xff, 0xff, 0xff, 0xfe, 0x22,
    0x22, 0x22, 0xe7, 0x22, 0x22, 0x22, 0x0, 0x10,
    0x0, 0xe6, 0x0, 0x10, 0x0, 0x5f, 0xff, 0xa0,
    0xe6, 0x9, 0xf8, 0x0, 0x15, 0x23, 0xcc, 0xe7,
    0x4c, 0xf8, 0x0, 0x0, 0x0, 0x2f, 0xff, 0xfa,
    0xd7, 0x0, 0x0, 0x18, 0xfc, 0xf6, 0x1, 0xbf,
    0x10, 0x8, 0xfd, 0x40, 0xe6, 0xe, 0xa4, 0x0,
    0x8, 0x60, 0x0, 0xe6, 0x3f, 0x0, 0x0, 0x0,
    0x0, 0x0, 0xe6, 0x1f, 0x41, 0x93, 0x0, 0x0,
    0x0, 0x0, 0x6, 0xef, 0xb1, 0x0, 0x0, 0x0,
    0x0, 0x0, 0x0, 0x0,

    /* U+090C "ऌ" */
    0xff, 0xff, 0xff, 0xff, 0xff, 0xf6, 0x22, 0x22,
    0x22, 0x28, 0xd2, 0x20, 0x0, 0x0, 0x0, 0x8,
    0xc0, 0x0, 0x5, 0xef, 0xe6, 0xcf, 0xf8, 0x0,
    0x1f, 0x91, 0x5f, 0xc2, 0x4f, 0x40, 0x4f, 0x0,
    0x1f, 0x40, 0xd, 0x70, 0x2f, 0x20, 0x2d, 0x0,
    0xe, 0x70, 0xd, 0xa0, 0x0, 0x1, 0x9f, 0x20,
    0x2, 0xea, 0x10, 0xe, 0xa4, 0x0, 0x0, 0x2d,
    0x90, 0x3f, 0x0, 0x0, 0x0, 0x0, 0x0, 0x1f,
    0x41, 0x72, 0x0, 0x0, 0x0, 0x6, 0xff, 0xc2,
    0x0, 0x0, 0x0, 0x0, 0x0, 0x0,

    /* U+090D "ऍ" */
    0x3, 0xc0, 0x0, 0xa6, 0x0, 0x1, 0xf7, 0x14,
    0xf3, 0x0, 0x0, 0x4d, 0xfe, 0x60, 0x0, 0x0,
    0x0, 0x0, 0x0, 0x0, 0xff, 0xff, 0xff, 0xff,
    0xf1, 0x2c, 0xa2, 0x22, 0xca, 0x20, 0xb, 0x90,
    0x0, 0xb9, 0x0, 0xb, 0x90, 0x0, 0xb9, 0x0,
    0xb, 0x90, 0x0, 0xd8, 0x0, 0xa, 0xa0, 0xc,
    0xf2, 0x0, 0x5, 0xf6, 0x5, 0x20, 0x0, 0x0,
    0x5e, 0xd5, 0x0, 0x0, 0x0, 0x0, 0x7e, 0xb1,
    0x0, 0x0, 0x0, 0x1, 0xe8, 0x0, 0x0, 0x0,
    0x0, 0xe8, 0x0, 0x0, 0x0, 0x0, 0x41, 0x0,

    /* U+090E "ऎ" */
    0x1, 0x30, 0x0, 0x0, 0x0, 0x6, 0xe2, 0x0,
    0x0, 0x0, 0x0, 0xaf, 0xff, 0x60, 0x0, 0x0,
    0x0, 0x5, 0xf1, 0x0, 0x0, 0x0, 0x0, 0xd5,
    0x0, 0xff, 0xff, 0xff, 0xff, 0xf1, 0x2c, 0xa2,
    0x22, 0xca, 0x20, 0xb, 0x90, 0x0, 0xb9, 0x0,
    0xb, 0x90, 0x0, 0xb9, 0x0, 0xb, 0x90, 0x0,
    0xe8, 0x0, 0xa, 0xb0, 0xd, 0xe2, 0x0, 0x4,
    0xf7, 0x3, 0x10, 0x0, 0x0, 0x4d, 0xd6, 0x0,
    0x0, 0x0, 0x0, 0x6e, 0xc1, 0x0, 0x0, 0x0,
    0x0, 0xd8, 0x0, 0x0, 0x0, 0x0, 0xe7, 0x0,
    0x0, 0x0, 0x0, 0x21, 0x0,

    /* U+090F "ए" */
    0xff, 0xff, 0xff, 0xff, 0xf1, 0x2c, 0xa2, 0x22,
    0xca, 0x20, 0xb, 0x90, 0x0, 0xb9, 0x0, 0xb,
    0x90, 0x0, 0xb9, 0x0, 0xb, 0x90, 0x0, 0xd8,
    0x0, 0xa, 0xa0, 0xc, 0xf2, 0x0, 0x5, 0xf6,
    0x5, 0x20, 0x0, 0x0, 0x5e, 0xd5, 0x0, 0x0,
    0x0, 0x0, 0x7e, 0xb1, 0x0, 0x0, 0x0, 0x1,
    0xe8, 0x0, 0x0, 0x0, 0x0, 0xe8, 0x0, 0x0,
    0x0, 0x0, 0x41, 0x0,

    /* U+0910 "ऐ" */
    0x0, 0x7f, 0xf9, 0x0, 0x0, 0x0, 0x23, 0x4d,
    0x70, 0x0, 0x0, 0x0, 0x4, 0xe0, 0x0, 0x0,
    0x0, 0x0, 0xe4, 0x0, 0xff, 0xff, 0xff, 0xff,
    0xf1, 0x2c, 0xa2, 0x22, 0xca, 0x20, 0xb, 0x90,
    0x0, 0xb9, 0x0, 0xb, 0x90, 0x0, 0xb9, 0x0,
    0xb, 0x90, 0x0, 0xc8, 0x0, 0xb, 0xa0, 0x6,
    0xf4, 0x0, 0x7, 0xf3, 0xa, 0x70, 0x0, 0x0,
    0x9f, 0x91, 0x0, 0x0, 0x0, 0x3, 0xcf, 0x70,
    0x0, 0x0, 0x0, 0x5, 0xf6, 0x0, 0x0, 0x0,
    0x0, 0xc9, 0x0, 0x0, 0x0, 0x0, 0xa4, 0x0,

    /* U+0911 "ऑ" */
    0x0, 0x0, 0x0, 0x0, 0x6, 0x90, 0x0, 0xc3,
    0x0, 0x0, 0x0, 0x0, 0x0, 0x3f, 0x41, 0x7f,
    0x10, 0x0, 0x0, 0x0, 0x0, 0x0, 0x7e, 0xfd,
    0x40, 0x0, 0x0, 0x0, 0x0, 0x0, 0x0, 0x0,
    0x0, 0x0, 0x0, 0x7e, 0xfe, 0x70, 0xaf, 0xff,
    0xff, 0xff, 0x90, 0x4, 0x52, 0x5f, 0x31, 0x9d,
    0x22, 0x7f, 0x21, 0x0, 0x0, 0x0, 0xf4, 0x8,
    0xc0, 0x5, 0xf0, 0x0, 0x0, 0x27, 0xce, 0x11,
    0x8c, 0x0, 0x5f, 0x0, 0x4b, 0x4, 0xcd, 0xff,
    0xff, 0xc0, 0x5, 0xf0, 0x2, 0xf3, 0x0, 0x1e,
    0x51, 0x8c, 0x0, 0x5f, 0x0, 0xa, 0xb0, 0x0,
    0xa9, 0x8, 0xc0, 0x5, 0xf0, 0x0, 0x1e, 0x92,
    0x4e, 0x60, 0x8c, 0x0, 0x5f, 0x0, 0x0, 0x2c,
    0xff, 0x90, 0x8, 0xc0, 0x5, 0xf0, 0x0, 0x0,
    0x0, 0x0, 0x0, 0x8c, 0x0, 0x5f, 0x0,

    /* U+0912 "ऒ" */
    0x0, 0x0, 0x0, 0x0, 0x4, 0x0, 0x0, 0x0,
    0x0, 0x0, 0x0, 0x0, 0x1, 0xf6, 0x0, 0x0,
    0x0, 0x0, 0x0, 0x0, 0x0, 0x6, 0xff, 0xfb,
    0x0, 0x0, 0x0, 0x0, 0x0, 0x0, 0x0, 0x2,
    0xe6, 0x0, 0x0, 0x0, 0x0, 0x0, 0x0, 0x0,
    0x7, 0xb0, 0x0, 0x7, 0xef, 0xe8, 0xa, 0xff,
    0xff, 0xff, 0xf9, 0x0, 0x34, 0x25, 0xf3, 0x19,
    0xd2, 0x27, 0xf2, 0x10, 0x0, 0x0, 0xf, 0x40,
    0x8c, 0x0, 0x5f, 0x0, 0x0, 0x2, 0x8d, 0xd1,
    0x19, 0xc0, 0x5, 0xf0, 0x5, 0xc0, 0x3a, 0xcf,
    0xff, 0xfc, 0x0, 0x5f, 0x0, 0x1f, 0x30, 0x0,
    0xe6, 0x8, 0xc0, 0x5, 0xf0, 0x0, 0x9b, 0x0,
    0xa, 0x90, 0x8c, 0x0, 0x5f, 0x0, 0x1, 0xe9,
    0x14, 0xf6, 0x8, 0xc0, 0x5, 0xf0, 0x0, 0x2,
    0xcf, 0xf9, 0x0, 0x8c, 0x0, 0x5f, 0x0, 0x0,
    0x0, 0x0, 0x0, 0x8, 0xc0, 0x5, 0xf0, 0x0,

    /* U+0913 "ओ" */
    0x0, 0x0, 0x0, 0x0, 0x2, 0xef, 0xc2, 0x0,
    0x0, 0x0, 0x0, 0x0, 0x0, 0x4, 0x3a, 0xc0,
    0x0, 0x0, 0x0, 0x0, 0x0, 0x0, 0x0, 0xe,
    0x40, 0x0, 0x0, 0x0, 0x0, 0x0, 0x0, 0x0,
    0x8a, 0x0, 0x0, 0x4c, 0xfe, 0x70, 0xaf, 0xff,
    0xff, 0xff, 0x90, 0x8, 0x72, 0x6f, 0x21, 0x9d,
    0x22, 0x7f, 0x21, 0x0, 0x0, 0x0, 0xf5, 0x8,
    0xc0, 0x5, 0xf0, 0x0, 0x0, 0x1, 0x8f, 0x10,
    0x8c, 0x0, 0x5f, 0x0, 0x15, 0x5, 0xff, 0xa1,
    0x1a, 0xc0, 0x5, 0xf0, 0x4, 0xf1, 0x2, 0x3f,
    0xff, 0xfc, 0x0, 0x5f, 0x0, 0xc, 0x90, 0x0,
    0xb9, 0x8, 0xc0, 0x5, 0xf0, 0x0, 0x2f, 0x81,
    0x3e, 0x70, 0x8c, 0x0, 0x5f, 0x0, 0x0, 0x3d,
    0xff, 0xa0, 0x8, 0xc0, 0x5, 0xf0, 0x0, 0x0,
    0x0, 0x0, 0x0, 0x8c, 0x0, 0x5f, 0x0,

    /* U+0914 "औ" */
    0x0, 0x0, 0x0, 0x0, 0x0, 0xef, 0xc1, 0x0,
    0x0, 0x0, 0x0, 0x0, 0x0, 0x3, 0x29, 0xb0,
    0x0, 0x0, 0x0, 0x0, 0x0, 0x4, 0xff, 0x9d,
    0x30, 0x0, 0x0, 0x0, 0x0, 0x0, 0x3, 0x14,
    0xca, 0x0, 0x0, 0x4c, 0xfe, 0x70, 0xaf, 0xff,
    0xff, 0xff, 0x90, 0x8, 0x72, 0x6f, 0x21, 0x9d,
    0x22, 0x7f, 0x21, 0x0, 0x0, 0x0, 0xf5, 0x8,
    0xc0, 0x5, 0xf0, 0x0, 0x0, 0x1, 0x8f, 0x10,
    0x8c, 0x0, 0x5f, 0x0, 0x15, 0x5, 0xff, 0xa1,
    0x1a, 0xc0, 0x5, 0xf0, 0x4, 0xf1, 0x2, 0x3f,
    0xff, 0xfc, 0x0, 0x5f, 0x0, 0xc, 0x90, 0x0,
    0xb9, 0x8, 0xc0, 0x5, 0xf0, 0x0, 0x2f, 0x81,
    0x3e, 0x70, 0x8c, 0x0, 0x5f, 0x0, 0x0, 0x3d,
    0xff, 0xa0, 0x8, 0xc0, 0x5, 0xf0, 0x0, 0x0,
    0x0, 0x0, 0x0, 0x8c, 0x0, 0x5f, 0x0,

    /* U+0915 "क" */
    0xff, 0xff, 0xff, 0xff, 0xff, 0xff, 0x82, 0x22,
    0x22, 0x2f, 0x62, 0x22, 0x21, 0x0, 0x0, 0x11,
    0xf5, 0x0, 0x0, 0x0, 0x4d, 0xff, 0x5f, 0x50,
    0x0, 0x0, 0x1f, 0x92, 0x0, 0xfd, 0xff, 0xb0,
    0x3, 0xf1, 0x0, 0xf, 0xb2, 0x2e, 0x70, 0x1f,
    0x81, 0x3b, 0xf5, 0x0, 0xa9, 0x0, 0x4d, 0xff,
    0x9f, 0x50, 0xe, 0x60, 0x0, 0x1, 0x0, 0xf5,
    0x8, 0xd0, 0x0, 0x0, 0x0, 0xf, 0x50, 0x1,
    0x0,

    /* U+0916 "ख" */
    0xff, 0xff, 0xff, 0xff, 0xff, 0xff, 0xf5, 0x22,
    0x2b, 0xb2, 0x23, 0x22, 0xab, 0x20, 0x0, 0x8,
    0xc0, 0x5e, 0xfa, 0xaa, 0x0, 0x2b, 0x5c, 0xa1,
    0xf7, 0x14, 0xaa, 0x0, 0x4f, 0xff, 0x54, 0xf0,
    0x0, 0xaa, 0x0, 0xf, 0xf7, 0x1, 0xf6, 0x13,
    0xda, 0x0, 0x7, 0xd0, 0x0, 0x5e, 0xff, 0xfa,
    0x0, 0x0, 0xbb, 0x10, 0x0, 0x0, 0xaa, 0x0,
    0x0, 0xb, 0xe7, 0x32, 0x37, 0xfa, 0x0, 0x0,
    0x0, 0x5b, 0xef, 0xeb, 0xca, 0x0,

    /* U+0917 "ग" */
    0xff, 0xff, 0xff, 0xff, 0xf3, 0x22, 0xf6, 0x22,
    0xca, 0x20, 0x0, 0xf5, 0x0, 0xb9, 0x0, 0x0,
    0xf5, 0x0, 0xb9, 0x0, 0x2b, 0xf5, 0x0, 0xb9,
    0x0, 0x3f, 0xf5, 0x0, 0xb9, 0x0, 0x9, 0xf4,
    0x0, 0xb9, 0x0, 0x0, 0x10, 0x0, 0xb9, 0x0,
    0x0, 0x0, 0x0, 0xb9, 0x0, 0x0, 0x0, 0x0,
    0xb9, 0x0,

    /* U+0918 "घ" */
    0xff, 0xff, 0xff, 0xff, 0xfb, 0x3f, 0x62, 0x22,
    0x5f, 0x21, 0x2f, 0x20, 0x0, 0x4f, 0x0, 0xa,
    0xff, 0xf0, 0x4f, 0x0, 0xa, 0xd2, 0x10, 0x4f,
    0x0, 0xd, 0x70, 0x0, 0x4f, 0x0, 0x9, 0xc3,
    0x14, 0xcf, 0x0, 0x0, 0xaf, 0xff, 0xcf, 0x0,
    0x0, 0x0, 0x0, 0x4f, 0x0, 0x0, 0x0, 0x0,
    0x4f, 0x0,

    /* U+0919 "ङ" */
    0x2f, 0xff, 0xff, 0xff, 0xff, 0xf8, 0x2, 0x22,
    0x22, 0x4f, 0x43, 0x21, 0x0, 0x0, 0x1, 0x3f,
    0x20, 0x0, 0x0, 0x2d, 0xff, 0xff, 0x20, 0x0,
    0x0, 0x7d, 0x11, 0x11, 0xa, 0xc0, 0x0, 0x4f,
    0x9f, 0xfd, 0x23, 0x40, 0x0, 0x4, 0x92, 0x2c,
    0xa0, 0x0, 0x3, 0x90, 0x0, 0x7, 0xc0, 0x0,
    0x4, 0xed, 0x63, 0x5e, 0x90, 0x0, 0x0, 0x19,
    0xdf, 0xe9, 0x0, 0x0,

    /* U+091A "च" */
    0xff, 0xff, 0xff, 0xff, 0xff, 0x62, 0x22, 0x22,
    0x22, 0xac, 0x20, 0x1, 0x11, 0x11, 0x9, 0xb0,
    0x6, 0xff, 0xff, 0xf2, 0x9b, 0x0, 0x1, 0x7e,
    0x41, 0x9, 0xb0, 0x0, 0xc, 0x80, 0x0, 0x9b,
    0x0, 0x0, 0xad, 0x21, 0x7f, 0xb0, 0x0, 0x1,
    0xbf, 0xfd, 0xdb, 0x0, 0x0, 0x0, 0x0, 0x9,
    0xb0, 0x0, 0x0, 0x0, 0x0, 0x9b, 0x0,

    /* U+091B "छ" */
    0xff, 0xff, 0xff, 0xff, 0xff, 0xf7, 0x22, 0x22,
    0x22, 0x2c, 0xa2, 0x21, 0x5, 0xbc, 0x60, 0x7e,
    0xd4, 0x0, 0x2f, 0x74, 0x34, 0xf5, 0x7f, 0x20,
    0x4f, 0x0, 0x6, 0xd0, 0xd, 0x60, 0xc, 0xdf,
    0xe2, 0xf9, 0x1d, 0x60, 0x5, 0xf4, 0x10, 0x2a,
    0x3f, 0x30, 0x7, 0xd0, 0x0, 0x0, 0xbc, 0x0,
    0x3, 0xf7, 0x22, 0x5d, 0xe2, 0x0, 0x0, 0x4c,
    0xff, 0xd8, 0x10, 0x0,

    /* U+091C "ज" */
    0xff, 0xff, 0xff, 0xff, 0xff, 0xff, 0x12, 0x22,
    0x22, 0x22, 0x22, 0xd8, 0x20, 0x0, 0x0, 0x1,
    0x11, 0x1d, 0x70, 0x3, 0x90, 0x6, 0xff, 0xff,
    0xf7, 0x0, 0x2f, 0x10, 0x2d, 0x81, 0x1d, 0x70,
    0x0, 0xc8, 0x0, 0x3f, 0x10, 0xd7, 0x0, 0x4,
    0xf1, 0x0, 0xf4, 0xd, 0x70, 0x0, 0xa, 0xc2,
    0x4f, 0x30, 0xd7, 0x0, 0x0, 0xa, 0xff, 0x80,
    0xd, 0x70, 0x0, 0x0, 0x0, 0x0, 0x0, 0xd7,
    0x0,

    /* U+091D "झ" */
    0xff, 0xff, 0xff, 0xff, 0xff, 0xff, 0x52, 0x22,
    0x22, 0xd8, 0x22, 0xab, 0x20, 0x0, 0x1, 0x1d,
    0x70, 0xa, 0xa0, 0x0, 0xaf, 0xff, 0xf7, 0x0,
    0xaa, 0x0, 0x2f, 0x41, 0x21, 0x0, 0xa, 0xa0,
    0x0, 0xdb, 0xdf, 0xe6, 0x12, 0xca, 0x0, 0x2,
    0xa4, 0x18, 0xff, 0xff, 0xa0, 0x0, 0x10, 0x0,
    0x2f, 0x20, 0xaa, 0x0, 0x3f, 0xa1, 0x3b, 0xe0,
    0xa, 0xa0, 0x1, 0xbf, 0xfe, 0xa2, 0x0, 0xaa,
    0x0, 0x0, 0x3f, 0x50, 0x0, 0x0, 0x0, 0x0,
    0x0, 0x6f, 0x40, 0x0, 0x0, 0x0, 0x0, 0x0,
    0x50, 0x0, 0x0, 0x0, 0x0,

    /* U+091E "ञ" */
    0xff, 0xff, 0xff, 0xff, 0xff, 0xff, 0x12, 0x22,
    0x22, 0x22, 0x22, 0xd8, 0x20, 0x0, 0x0, 0x0,
    0x0, 0xd, 0x70, 0x0, 0x0, 0xbf, 0xfb, 0x10,
    0xd7, 0x0, 0x39, 0x3, 0x22, 0xca, 0x2e, 0x80,
    0x1, 0xf4, 0x0, 0x7, 0xff, 0xf7, 0x0, 0x5,
    0xf6, 0x13, 0xd9, 0xd, 0x70, 0x0, 0x5, 0xdf,
    0xfa, 0x10, 0xd7, 0x0, 0x0, 0x0, 0x10, 0x0,
    0xd, 0x70, 0x0, 0x0, 0x0, 0x0, 0x0, 0xd7,
    0x0,

    /* U+091F "ट" */
    0xff, 0xff, 0xff, 0xff, 0x42, 0x22, 0x22, 0xe7,
    0x20, 0x0, 0x0, 0xe, 0x60, 0x0, 0x19, 0xef,
    0xf6, 0x0, 0xc, 0xd4, 0x11, 0x0, 0x2, 0xf2,
    0x0, 0x0, 0x0, 0x4f, 0x0, 0x0, 0x0, 0x1,
    0xf4, 0x0, 0x0, 0x0, 0xa, 0xe6, 0x35, 0xb8,
    0x0, 0x8, 0xef, 0xe9, 0x10,

    /* U+0920 "ठ" */
    0xff, 0xff, 0xff, 0xff, 0xf9, 0x22, 0x22, 0x5f,
    0x32, 0x21, 0x0, 0x0, 0x3f, 0x10, 0x0, 0x0,
    0x8e, 0xff, 0x70, 0x0, 0xb, 0xe5, 0x11, 0xab,
    0x0, 0x2f, 0x30, 0x0, 0xe, 0x50, 0x4f, 0x0,
    0x0, 0xb, 0x90, 0x1f, 0x30, 0x0, 0xd, 0x80,
    0xa, 0xe5, 0x24, 0xaf, 0x20, 0x0, 0x7d, 0xff,
    0xb3, 0x0,

    /* U+0921 "ड" */
    0x2f, 0xff, 0xff, 0xff, 0xfb, 0x2, 0x22, 0x22,
    0x4f, 0x41, 0x0, 0x0, 0x1, 0x3f, 0x20, 0x0,
    0x2d, 0xff, 0xff, 0x20, 0x0, 0x7d, 0x11, 0x11,
    0x0, 0x0, 0x4f, 0x9f, 0xfd, 0x20, 0x0, 0x4,
    0x92, 0x2c, 0xa0, 0x3, 0x90, 0x0, 0x7, 0xc0,
    0x4, 0xed, 0x63, 0x5e, 0x90, 0x0, 0x19, 0xdf,
    0xe9, 0x0,

    /* U+0922 "ढ" */
    0xff, 0xff, 0xff, 0xff, 0xf3, 0x22, 0x22, 0x25,
    0xf2, 0x20, 0x0, 0x0, 0x4, 0xf0, 0x0, 0x0,
    0x9e, 0xff, 0xf0, 0x0, 0xb, 0xd5, 0x21, 0x10,
    0x0, 0x2f, 0x30, 0x6f, 0xf9, 0x0, 0x4f, 0x1,
    0xf4, 0x2f, 0x30, 0x1f, 0x42, 0xf0, 0xe, 0x50,
    0x9, 0xe6, 0xf5, 0x8f, 0x10, 0x0, 0x6d, 0xff,
    0xb3, 0x0,

    /* U+0923 "ण" */
    0xff, 0xff, 0xff, 0xff, 0xff, 0xfc, 0x2c, 0xa2,
    0x2a, 0xc2, 0x4f, 0x41, 0xb, 0x90, 0x9, 0xb0,
    0x2f, 0x20, 0xb, 0x90, 0x9, 0xb0, 0x2f, 0x20,
    0xb, 0x90, 0x9, 0xb0, 0x2f, 0x20, 0xa, 0x90,
    0xa, 0xb0, 0x2f, 0x20, 0x6, 0xe2, 0x2e, 0x70,
    0x2f, 0x20, 0x0, 0xaf, 0xfb, 0x0, 0x2f, 0x20,
    0x0, 0x0, 0x0, 0x0, 0x2f, 0x20, 0x0, 0x0,
    0x0, 0x0, 0x2f, 0x20,

    /* U+0924 "त" */
    0xff, 0xff, 0xff, 0xff, 0xf5, 0x22, 0x22, 0x22,
    0xab, 0x20, 0x0, 0x0, 0x0, 0x9b, 0x0, 0x0,
    0x0, 0x11, 0xab, 0x0, 0x5, 0xdf, 0xff, 0xfb,
    0x0, 0x2f, 0x82, 0x11, 0xab, 0x0, 0x4f, 0x0,
    0x0, 0x9b, 0x0, 0x1f, 0x40, 0x0, 0x9b, 0x0,
    0x7, 0xe2, 0x0, 0x9b, 0x0, 0x0, 0xaa, 0x0,
    0x9b, 0x0, 0x0, 0x0, 0x0, 0x0, 0x0,

    /* U+0925 "थ" */
    0x6, 0xef, 0xa0, 0xbf, 0xff, 0x70, 0xf6, 0x2e,
    0x73, 0xad, 0x42, 0xe, 0x80, 0xa9, 0x8, 0xc0,
    0x0, 0x3b, 0x1e, 0x70, 0x8c, 0x0, 0x3, 0x7e,
    0xc0, 0x8, 0xc0, 0x0, 0xde, 0x60, 0x0, 0x8c,
    0x0, 0x4, 0xf7, 0x12, 0x7f, 0xc0, 0x0, 0x4,
    0xdf, 0xfd, 0xcc, 0x0, 0x0, 0x0, 0x0, 0x8,
    0xc0, 0x0, 0x0, 0x0, 0x0, 0x8c, 0x0,

    /* U+0926 "द" */
    0xff, 0xff, 0xff, 0xff, 0xa2, 0x22, 0x22, 0x7f,
    0x21, 0x0, 0x0, 0x6, 0xf0, 0x0, 0x2a, 0xff,
    0xff, 0x0, 0xd, 0xc4, 0x11, 0x0, 0x1, 0xf3,
    0x0, 0x0, 0x0, 0x1f, 0x30, 0x8, 0xc3, 0x0,
    0xbd, 0x41, 0xcf, 0x90, 0x0, 0x9e, 0xff, 0xf2,
    0x0, 0x0, 0x1, 0x1f, 0x40, 0x0, 0x0, 0x0,
    0x98, 0x0, 0x0, 0x0, 0x0, 0x0,

    /* U+0927 "ध" */
    0x7, 0xee, 0xa0, 0xef, 0xff, 0x11, 0xf3, 0xf,
    0x32, 0xe8, 0x20, 0x2f, 0x12, 0xe1, 0xe, 0x60,
    0x0, 0xbb, 0x11, 0x10, 0xe6, 0x0, 0x0, 0xef,
    0xf4, 0xe, 0x60, 0x0, 0x5f, 0x31, 0x0, 0xe6,
    0x0, 0x4, 0xf4, 0x12, 0x8f, 0x60, 0x0, 0x7,
    0xef, 0xfd, 0xf6, 0x0, 0x0, 0x0, 0x0, 0xe,
    0x60, 0x0, 0x0, 0x0, 0x0, 0xe6, 0x0,

    /* U+0928 "न" */
    0xff, 0xff, 0xff, 0xff, 0xf1, 0x22, 0x22, 0x22,
    0xd8, 0x20, 0x0, 0x0, 0x0, 0xd7, 0x0, 0x0,
    0x11, 0x11, 0xd7, 0x0, 0x4f, 0xff, 0xff, 0xf7,
    0x0, 0x3f, 0xf5, 0x11, 0xd7, 0x0, 0x6, 0xd1,
    0x0, 0xd7, 0x0, 0x0, 0x0, 0x0, 0xd7, 0x0,
    0x0, 0x0, 0x0, 0xd7, 0x0, 0x0, 0x0, 0x0,
    0xd7, 0x0,

    /* U+0929 "ऩ" */
    0xff, 0xff, 0xff, 0xff, 0xf1, 0x22, 0x22, 0x22,
    0xd8, 0x20, 0x0, 0x0, 0x0, 0xd7, 0x0, 0x0,
    0x11, 0x11, 0xd7, 0x0, 0x4f, 0xff, 0xff, 0xf7,
    0x0, 0x2f, 0xf5, 0x11, 0xd7, 0x0, 0x4, 0xa1,
    0x0, 0xd7, 0x0, 0x0, 0x0, 0x0, 0xd7, 0x0,
    0x0, 0xa8, 0x0, 0xd7, 0x0, 0x0, 0xd9, 0x0,
    0xd7, 0x0,

    /* U+092A "प" */
    0xff, 0xff, 0xff, 0xff, 0xf5, 0x2c, 0xa2, 0x22,
    0xab, 0x20, 0xb, 0x90, 0x0, 0xaa, 0x0, 0xb,
    0x90, 0x0, 0xaa, 0x0, 0xb, 0x90, 0x0, 0xaa,
    0x0, 0x7, 0xe3, 0x15, 0xea, 0x0, 0x0, 0x9f,
    0xfe, 0xea, 0x0, 0x0, 0x0, 0x0, 0xaa, 0x0,
    0x0, 0x0, 0x0, 0xaa, 0x0, 0x0, 0x0, 0x0,
    0xaa, 0x0,

    /* U+092B "फ" */
    0xff, 0xff, 0xff, 0xff, 0xff, 0xff, 0x92, 0xca,
    0x22, 0x2f, 0x72, 0x22, 0x21, 0xb, 0x90, 0x0,
    0xf5, 0x0, 0x0, 0x0, 0xb9, 0x0, 0xf, 0x50,
    0x0, 0x0, 0xb, 0x90, 0x0, 0xfd, 0xff, 0xb1,
    0x0, 0x7e, 0x21, 0x6f, 0xb2, 0x2d, 0x80, 0x0,
    0xbf, 0xfd, 0xf5, 0x0, 0xa9, 0x0, 0x0, 0x0,
    0xf, 0x50, 0xe, 0x70, 0x0, 0x0, 0x0, 0xf5,
    0x8, 0xe0, 0x0, 0x0, 0x0, 0xf, 0x50, 0x2,
    0x0,

    /* U+092C "ब" */
    0xff, 0xff, 0xff, 0xff, 0xf5, 0x22, 0x22, 0x22,
    0xac, 0x20, 0x0, 0x0, 0x12, 0x9b, 0x0, 0x3,
    0xcf, 0xfb, 0x9b, 0x0, 0x1f, 0x9e, 0x50, 0x9b,
    0x0, 0x3f, 0x13, 0xe2, 0x9b, 0x0, 0x1f, 0x81,
    0x7d, 0xeb, 0x0, 0x4, 0xcf, 0xfd, 0xdb, 0x0,
    0x0, 0x0, 0x0, 0x9b, 0x0, 0x0, 0x0, 0x0,
    0x9b, 0x0,

    /* U+092D "भ" */
    0x9, 0xfe, 0x70, 0x9f, 0xff, 0xf7, 0x3f, 0x25,
    0xf2, 0x24, 0xae, 0x42, 0x2f, 0x50, 0xf4, 0x0,
    0x7d, 0x0, 0x5, 0xd4, 0xf5, 0x0, 0x7d, 0x0,
    0x0, 0x0, 0xf5, 0x11, 0x8d, 0x0, 0x0, 0x4f,
    0xff, 0xff, 0xfd, 0x0, 0x0, 0x1f, 0xf5, 0x11,
    0x8d, 0x0, 0x0, 0x2, 0x91, 0x0, 0x7d, 0x0,
    0x0, 0x0, 0x0, 0x0, 0x7d, 0x0, 0x0, 0x0,
    0x0, 0x0, 0x7d, 0x0,

    /* U+092E "म" */
    0xff, 0xff, 0xff, 0xff, 0xfc, 0x22, 0xf6, 0x22,
    0x4f, 0x41, 0x0, 0xf5, 0x0, 0x2f, 0x20, 0x0,
    0xf5, 0x0, 0x2f, 0x20, 0x0, 0xf5, 0x11, 0x3f,
    0x20, 0x4f, 0xff, 0xff, 0xff, 0x20, 0x1e, 0xf5,
    0x11, 0x3f, 0x20, 0x2, 0x91, 0x0, 0x2f, 0x20,
    0x0, 0x0, 0x0, 0x2f, 0x20, 0x0, 0x0, 0x0,
    0x2f, 0x20,

    /* U+092F "य" */
    0xff, 0xff, 0xff, 0xff, 0xf8, 0x22, 0x9d, 0x22,
    0x8e, 0x21, 0x0, 0x3f, 0x10, 0x7d, 0x0, 0x0,
    0x9f, 0x0, 0x7d, 0x0, 0x4f, 0xe5, 0x0, 0x7d,
    0x0, 0x1f, 0x40, 0x0, 0x8d, 0x0, 0x9, 0xd3,
    0x16, 0xfd, 0x0, 0x0, 0x9f, 0xfd, 0xbd, 0x0,
    0x0, 0x0, 0x0, 0x7d, 0x0, 0x0, 0x0, 0x0,
    0x7d, 0x0,

    /* U+0930 "र" */
    0xff, 0xff, 0xff, 0xc2, 0x22, 0x3f, 0x61, 0x0,
    0x0, 0xe5, 0x0, 0x71, 0x2f, 0x40, 0x4f, 0xee,
    0xc0, 0x0, 0xef, 0x80, 0x0, 0x5, 0xe2, 0x0,
    0x0, 0x8, 0xe2, 0x0, 0x0, 0x9, 0xe3, 0x0,
    0x0, 0x9, 0xb0, 0x0, 0x0, 0x0, 0x0,

    /* U+0931 "ऱ" */
    0xff, 0xff, 0xff, 0xc2, 0x22, 0x3f, 0x61, 0x0,
    0x0, 0xe5, 0x0, 0x51, 0x2f, 0x40, 0x4f, 0xde,
    0xc0, 0x1, 0xff, 0x80, 0x0, 0x5, 0xe2, 0x0,
    0x0, 0x9, 0xe2, 0x0, 0x2, 0x2a, 0xe3, 0x0,
    0xdb, 0x9, 0xb0, 0x2, 0x20, 0x0, 0x0,

    /* U+0932 "ल" */
    0xff, 0xff, 0xff, 0xff, 0xff, 0xf1, 0x22, 0x22,
    0x22, 0x22, 0xe8, 0x20, 0x0, 0x0, 0x0, 0x0,
    0xe6, 0x0, 0x5, 0xef, 0xe6, 0xcf, 0xf6, 0x0,
    0x1f, 0x81, 0x4f, 0xb2, 0xe6, 0x0, 0x4f, 0x0,
    0x4f, 0x20, 0xe6, 0x0, 0x2f, 0x20, 0x4a, 0x0,
    0xe6, 0x0, 0xc, 0xa0, 0x0, 0x0, 0xe6, 0x0,
    0x2, 0xeb, 0x10, 0x0, 0xe6, 0x0, 0x0, 0x2d,
    0x90, 0x0, 0xe6, 0x0, 0x0, 0x0, 0x0, 0x0,
    0x0, 0x0,

    /* U+0933 "ळ" */
    0xff, 0xff, 0xff, 0xff, 0xff, 0xff, 0x62, 0x22,
    0x22, 0x22, 0x2d, 0x92, 0x20, 0x0, 0x0, 0x0,
    0x0, 0xc8, 0x0, 0x0, 0x19, 0xcb, 0x41, 0x9f,
    0xd3, 0x0, 0xd, 0xc5, 0x7f, 0xec, 0x5a, 0xf1,
    0x3, 0xf2, 0x0, 0x7e, 0x10, 0xf, 0x50, 0x3f,
    0x10, 0xc, 0x90, 0x0, 0xe6, 0x0, 0xf8, 0x17,
    0xfd, 0x41, 0x7f, 0x20, 0x4, 0xef, 0xe6, 0x8e,
    0xfe, 0x50, 0x0, 0x0, 0x0, 0x0, 0x0, 0x0,
    0x0,

    /* U+0934 "ऴ" */
    0xff, 0xff, 0xff, 0xff, 0xff, 0xff, 0x62, 0x22,
    0x22, 0x22, 0x2d, 0x92, 0x20, 0x0, 0x0, 0x0,
    0x0, 0xc8, 0x0, 0x0, 0x19, 0xcb, 0x41, 0x9f,
    0xd3, 0x0, 0xd, 0xc5, 0x7f, 0xec, 0x5a, 0xf1,
    0x3, 0xf2, 0x0, 0x7e, 0x10, 0xf, 0x50, 0x3f,
    0x10, 0xc, 0x90, 0x0, 0xe6, 0x0, 0xf8, 0x17,
    0xfd, 0x41, 0x7f, 0x20, 0x4, 0xef, 0xe6, 0x8e,
    0xfe, 0x50, 0x0, 0x0, 0x0, 0x0, 0x0, 0x0,
    0x0, 0x0, 0x0, 0x4, 0x20, 0x0, 0x0, 0x0,
    0x0, 0x0, 0xec, 0x0, 0x0, 0x0, 0x0, 0x0,
    0x4, 0x20, 0x0, 0x0, 0x0,

    /* U+0935 "व" */
    0xff, 0xff, 0xff, 0xff, 0xf2, 0x22, 0x22, 0x22,
    0xd8, 0x20, 0x0, 0x0, 0x12, 0xd7, 0x0, 0x4,
    0xdf, 0xf8, 0xd7, 0x0, 0x1f, 0x92, 0x0, 0xd7,
    0x0, 0x3f, 0x10, 0x0, 0xd7, 0x0, 0x1f, 0x81,
    0x29, 0xf7, 0x0, 0x4, 0xdf, 0xfc, 0xe7, 0x0,
    0x0, 0x0, 0x0, 0xd7, 0x0, 0x0, 0x0, 0x0,
    0xd7, 0x0,

    /* U+0936 "श" */
    0x3, 0xde, 0xd3, 0x4f, 0xff, 0xf1, 0xb, 0x80,
    0x5e, 0x12, 0xd8, 0x20, 0xa, 0xa1, 0xf, 0x30,
    0xd7, 0x0, 0x2, 0xbf, 0x1f, 0x40, 0xd7, 0x0,
    0x0, 0x0, 0x7f, 0x10, 0xd7, 0x0, 0x28, 0x58,
    0xfa, 0x0, 0xd7, 0x0, 0x8f, 0xff, 0xa0, 0x0,
    0xd7, 0x0, 0x18, 0x8e, 0x40, 0x0, 0xd7, 0x0,
    0x0, 0x5, 0xf3, 0x0, 0xd7, 0x0, 0x0, 0x0,
    0x99, 0x0, 0xd7, 0x0, 0x0, 0x0, 0x0, 0x0,
    0x0, 0x0,

    /* U+0937 "ष" */
    0xff, 0xff, 0xff, 0xff, 0xf7, 0x2c, 0xfa, 0x22,
    0x8d, 0x21, 0xb, 0xad, 0x50, 0x7d, 0x0, 0xb,
    0x92, 0xe3, 0x7d, 0x0, 0xb, 0x90, 0x5e, 0x8d,
    0x0, 0x7, 0xe3, 0x1b, 0xfd, 0x0, 0x0, 0x9f,
    0xff, 0xed, 0x0, 0x0, 0x0, 0x0, 0x7d, 0x0,
    0x0, 0x0, 0x0, 0x7d, 0x0, 0x0, 0x0, 0x0,
    0x7d, 0x0,

    /* U+0938 "स" */
    0xff, 0xff, 0xff, 0xff, 0xff, 0xf0, 0x22, 0x29,
    0xd2, 0x32, 0xe7, 0x20, 0x0, 0x6, 0xe0, 0x0,
    0xe6, 0x0, 0x4, 0x8, 0xd0, 0x0, 0xe6, 0x0,
    0x4f, 0xdf, 0xb2, 0x13, 0xf6, 0x0, 0x1f, 0xf9,
    0xcf, 0xff, 0xf6, 0x0, 0x8, 0xc0, 0x0, 0x10,
    0xe6, 0x0, 0x0, 0xca, 0x0, 0x0, 0xe6, 0x0,
    0x0, 0x1e, 0xa0, 0x0, 0xe6, 0x0, 0x0, 0x2,
    0xe4, 0x0, 0xe6, 0x0, 0x0, 0x0, 0x0, 0x0,
    0x0, 0x0,

    /* U+0939 "ह" */
    0xff, 0xff, 0xff, 0xff, 0xb2, 0x22, 0x22, 0x5f,
    0x31, 0x0, 0x0, 0x14, 0xf1, 0x0, 0x6f, 0xff,
    0xff, 0x10, 0xd, 0x91, 0x11, 0x10, 0x0, 0x7e,
    0xef, 0xfa, 0x0, 0x8, 0xe4, 0x13, 0xd8, 0x0,
    0xd7, 0x0, 0x8, 0xb0, 0xd, 0x80, 0x3, 0xe8,
    0x0, 0x7f, 0x30, 0x2a, 0x0, 0x0, 0x9f, 0x91,
    0x0, 0x0, 0x0, 0x4d, 0xe0, 0x0, 0x0, 0x0,
    0x1, 0x0, 0x0,

    /* U+093A "ऺ" */
    0x0, 0xb9, 0xb9, 0xb9, 0x0,

    /* U+093B "ऻ" */
    0x9, 0xb0, 0x0, 0x9b, 0x0, 0x9, 0xb0, 0xf,
    0xff, 0xf6, 0x2a, 0xc2, 0x0, 0x9b, 0x0, 0x9,
    0xb0, 0x0, 0x9b, 0x0, 0x9, 0xb0, 0x0, 0x9b,
    0x0, 0x9, 0xb0, 0x0, 0x9b, 0x0, 0x9, 0xb0,
    0x0,

    /* U+093C "़" */
    0x4b, 0x16, 0xf2, 0x0, 0x0,

    /* U+093D "ऽ" */
    0x0, 0xbf, 0xff, 0x40, 0x6f, 0x32, 0x20, 0x3,
    0xf3, 0x0, 0x0, 0x7, 0xf7, 0x0, 0x0, 0x4,
    0xea, 0x0, 0x0, 0x1, 0xe8, 0x3e, 0x10, 0x8,
    0xc0, 0xcd, 0x32, 0xcb, 0x0, 0xaf, 0xfd, 0x20,
    0x0, 0x0, 0x0,

    /* U+093E "ा" */
    0xff, 0xff, 0x62, 0xac, 0x20, 0x9, 0xb0, 0x0,
    0x9b, 0x0, 0x9, 0xb0, 0x0, 0x9b, 0x0, 0x9,
    0xb0, 0x0, 0x9b, 0x0, 0x9, 0xb0, 0x0, 0x9b,
    0x0,

    /* U+093F "ि" */
    0x2, 0xae, 0xfe, 0xc7, 0x10, 0x0, 0xe, 0xc4,
    0x23, 0x6b, 0xe5, 0x0, 0x2f, 0x30, 0x0, 0x0,
    0x4e, 0x80, 0xe, 0x60, 0x0, 0x0, 0x1, 0xd6,
    0xff, 0xff, 0x60, 0x0, 0x0, 0x0, 0x2a, 0xc2,
    0x0, 0x0, 0x0, 0x0, 0x9, 0xb0, 0x0, 0x0,
    0x0, 0x0, 0x9, 0xb0, 0x0, 0x0, 0x0, 0x0,
    0x9, 0xb0, 0x0, 0x0, 0x0, 0x0, 0x9, 0xb0,
    0x0, 0x0, 0x0, 0x0, 0x9, 0xb0, 0x0, 0x0,
    0x0, 0x0, 0x9, 0xb0, 0x0, 0x0, 0x0, 0x0,
    0x9, 0xb0, 0x0, 0x0, 0x0, 0x0, 0x9, 0xb0,
    0x0, 0x0, 0x0, 0x0,

    /* U+0940 "ी" */
    0xa, 0xff, 0x90, 0x0, 0x6, 0xf4, 0x3c, 0xa0,
    0x0, 0x7c, 0x0, 0x2f, 0x20, 0x3, 0xf1, 0x0,
    0xb7, 0x0, 0x0, 0x0, 0xff, 0xff, 0x60, 0x0,
    0x2, 0xac, 0x20, 0x0, 0x0, 0x9, 0xb0, 0x0,
    0x0, 0x0, 0x9b, 0x0, 0x0, 0x0, 0x9, 0xb0,
    0x0, 0x0, 0x0, 0x9b, 0x0, 0x0, 0x0, 0x9,
    0xb0, 0x0, 0x0, 0x0, 0x9b, 0x0, 0x0, 0x0,
    0x9, 0xb0, 0x0, 0x0, 0x0, 0x9b, 0x0,

    /* U+0941 "ु" */
    0x0, 0x0, 0x0, 0x0, 0x0, 0x0, 0x1b, 0xff,
    0x80, 0x1b, 0x30, 0x82, 0x2f, 0x20, 0x9f, 0x82,
    0x15, 0xf2, 0x0, 0x4b, 0xff, 0xf7, 0x0, 0x0,
    0x0, 0x10, 0x0,

    /* U+0942 "ू" */
    0x0, 0x0, 0x0, 0x0, 0x0, 0x8f, 0xfe, 0x70,
    0x0, 0x3f, 0x31, 0x4e, 0x90, 0x3, 0xf3, 0x10,
    0x2f, 0x50, 0x9, 0xff, 0xa0, 0x8d, 0x0, 0x0,
    0x10, 0x1, 0x40,

    /* U+0943 "ृ" */
    0x1, 0x65, 0x0, 0xd, 0xc5, 0x0, 0x3f, 0x0,
    0x0, 0x2f, 0x41, 0x61, 0x7, 0xff, 0xe3, 0x0,
    0x0, 0x0,

    /* U+0944 "ॄ" */
    0x0, 0x0, 0x0, 0x8, 0xfa, 0x0, 0x2f, 0x30,
    0x0, 0x2f, 0x31, 0x71, 0xb, 0xff, 0xd3, 0xd,
    0x60, 0x0, 0xc, 0x81, 0x69, 0x3, 0xdf, 0xd3,
    0x0, 0x0, 0x0,

    /* U+0945 "ॅ" */
    0x2d, 0x0, 0x8, 0x70, 0xe8, 0x13, 0xf5, 0x3,
    0xdf, 0xf8, 0x0, 0x0, 0x0, 0x0,

    /* U+0946 "ॆ" */
    0x25, 0x0, 0x0, 0x5, 0xe2, 0x0, 0x0, 0xa,
    0xff, 0xf6, 0x0, 0x0, 0x5, 0xf1, 0x0, 0x0,
    0xd, 0x50,

    /* U+0947 "े" */
    0x0, 0x0, 0x0, 0x8f, 0xf9, 0x0, 0x12, 0x3d,
    0x60, 0x0, 0x5, 0xd0, 0x0, 0x0, 0xf2, 0x0,
    0x0, 0x52,

    /* U+0948 "ै" */
    0x0, 0x0, 0x0, 0x6f, 0xf8, 0x0, 0x12, 0x2d,
    0x40, 0xaf, 0xe8, 0xc0, 0x22, 0x2a, 0xf2, 0x0,
    0x0, 0x62,

    /* U+0949 "ॉ" */
    0x69, 0x0, 0xc, 0x34, 0xf4, 0x17, 0xf1, 0x7,
    0xef, 0xd4, 0x0, 0x0, 0x0, 0x0, 0x0, 0xff,
    0xff, 0x60, 0x2, 0xac, 0x20, 0x0, 0x9, 0xb0,
    0x0, 0x0, 0x9b, 0x0, 0x0, 0x9, 0xb0, 0x0,
    0x0, 0x9b, 0x0, 0x0, 0x9, 0xb0, 0x0, 0x0,
    0x9b, 0x0, 0x0, 0x9, 0xb0, 0x0, 0x0, 0x9b,
    0x0,

    /* U+094A "ॊ" */
    0x3, 0x0, 0x0, 0x0, 0x4, 0xf3, 0x0, 0x0,
    0x0, 0x9, 0xff, 0xf8, 0x0, 0x0, 0x0, 0x3,
    0xf2, 0x0, 0x0, 0x0, 0xb, 0x80, 0x0, 0x0,
    0xf, 0xff, 0xf6, 0x0, 0x0, 0x2a, 0xc2, 0x0,
    0x0, 0x0, 0x9b, 0x0, 0x0, 0x0, 0x9, 0xb0,
    0x0, 0x0, 0x0, 0x9b, 0x0, 0x0, 0x0, 0x9,
    0xb0, 0x0, 0x0, 0x0, 0x9b, 0x0, 0x0, 0x0,
    0x9, 0xb0, 0x0, 0x0, 0x0, 0x9b, 0x0, 0x0,
    0x0, 0x9, 0xb0, 0x0,

    /* U+094B "ो" */
    0x5f, 0xfa, 0x0, 0x0, 0x14, 0x3c, 0x90, 0x0,
    0x0, 0x2, 0xf1, 0x0, 0x0, 0x0, 0xc7, 0x0,
    0x0, 0xf, 0xff, 0xf6, 0x0, 0x2, 0xac, 0x20,
    0x0, 0x0, 0x9b, 0x0, 0x0, 0x0, 0x9b, 0x0,
    0x0, 0x0, 0x9b, 0x0, 0x0, 0x0, 0x9b, 0x0,
    0x0, 0x0, 0x9b, 0x0, 0x0, 0x0, 0x9b, 0x0,
    0x0, 0x0, 0x9b, 0x0, 0x0, 0x0, 0x9b, 0x0,

    /* U+094C "ौ" */
    0x3f, 0xfa, 0x0, 0x0, 0x3, 0x3c, 0x80, 0x0,
    0x7f, 0xf8, 0xe1, 0x0, 0x22, 0x16, 0xe6, 0x0,
    0x0, 0xf, 0xff, 0xf6, 0x0, 0x2, 0xac, 0x20,
    0x0, 0x0, 0x9b, 0x0, 0x0, 0x0, 0x9b, 0x0,
    0x0, 0x0, 0x9b, 0x0, 0x0, 0x0, 0x9b, 0x0,
    0x0, 0x0, 0x9b, 0x0, 0x0, 0x0, 0x9b, 0x0,
    0x0, 0x0, 0x9b, 0x0, 0x0, 0x0, 0x9b, 0x0,

    /* U+094D "्" */
    0x1, 0x0, 0x0, 0xcf, 0xd3, 0x0, 0x12, 0x7f,
    0x30, 0x0, 0x7, 0xd0, 0x0, 0x0, 0x10,

    /* U+094E "ॎ" */
    0x5f, 0xf9, 0x5f, 0x21, 0x5f, 0x0, 0x5f, 0x0,
    0x5f, 0x0, 0x5f, 0x0, 0x5f, 0x0, 0x5f, 0x0,
    0x5f, 0x0, 0x5f, 0x0,

    /* U+094F "ॏ" */
    0x0, 0xd, 0x70, 0x0, 0x1, 0x81, 0x5e, 0xf7,
    0x0, 0xb, 0xff, 0xe9, 0xf0, 0x0, 0x0, 0x2,
    0xae, 0x0, 0x0, 0x0, 0xff, 0xff, 0x60, 0x0,
    0x2, 0xac, 0x20, 0x0, 0x0, 0x9, 0xb0, 0x0,
    0x0, 0x0, 0x9b, 0x0, 0x0, 0x0, 0x9, 0xb0,
    0x0, 0x0, 0x0, 0x9b, 0x0, 0x0, 0x0, 0x9,
    0xb0, 0x0, 0x0, 0x0, 0x9b, 0x0, 0x0, 0x0,
    0x9, 0xb0, 0x0, 0x0, 0x0, 0x9b, 0x0,

    /* U+0950 "ॐ" */
    0x0, 0x0, 0x0, 0x0, 0x3, 0x0, 0x0, 0x0,
    0x0, 0x0, 0x49, 0x3f, 0x39, 0x40, 0x0, 0x0,
    0x0, 0x2f, 0x54, 0x4f, 0x20, 0x0, 0x0, 0x0,
    0x5, 0xdf, 0xd5, 0x0, 0x0, 0x5d, 0xfe, 0x70,
    0x0, 0x0, 0x0, 0x0, 0x66, 0x25, 0xf2, 0x2,
    0xbd, 0x90, 0x0, 0x0, 0x0, 0xf5, 0xe, 0x61,
    0xc9, 0x0, 0x0, 0x3a, 0xf1, 0x8c, 0x0, 0x7d,
    0x37, 0x5, 0xff, 0x93, 0xf4, 0x0, 0x6d, 0x3f,
    0x20, 0x3, 0xff, 0x92, 0x0, 0xca, 0xb, 0xa0,
    0x0, 0xb9, 0xc, 0xff, 0xb1, 0x2, 0xf8, 0x13,
    0xe7, 0x0, 0x0, 0x0, 0x0, 0x3d, 0xff, 0xa0,
    0x0, 0x0, 0x0, 0x0, 0x0, 0x0, 0x0, 0x0,
    0x0, 0x0,

    /* U+0951 "॑" */
    0xc4, 0xd4, 0xd4, 0x31,

    /* U+0952 "॒" */
    0x1f, 0xff, 0xff, 0xa0, 0x33, 0x33, 0x32,

    /* U+0953 "॓" */
    0xe, 0xa0, 0x5, 0xf1, 0x0, 0xb6,

    /* U+0954 "॔" */
    0xe, 0xb4, 0xf2, 0xa7, 0x0,

    /* U+0955 "ॕ" */
    0xc, 0x20, 0x9, 0x50, 0xca, 0x14, 0xf3, 0x2,
    0xcf, 0xf7, 0x0, 0xef, 0xff, 0xf5, 0x0, 0x0,
    0x0, 0x0,

    /* U+0956 "ॖ" */
    0x0, 0x0, 0x0, 0x5, 0x92, 0x12, 0x87, 0x2a,
    0xff, 0xfb, 0x30, 0x0, 0x10, 0x0,

    /* U+0957 "ॗ" */
    0x48, 0x21, 0x27, 0x72, 0xaf, 0xff, 0xb3, 0x48,
    0x32, 0x27, 0x72, 0xaf, 0xff, 0xb3, 0x0, 0x1,
    0x0, 0x0,

    /* U+0958 "क़" */
    0xff, 0xff, 0xff, 0xff, 0xff, 0xff, 0x82, 0x22,
    0x22, 0x2f, 0x62, 0x22, 0x21, 0x0, 0x0, 0x11,
    0xf5, 0x0, 0x0, 0x0, 0x4d, 0xff, 0x5f, 0x50,
    0x0, 0x0, 0x1f, 0x92, 0x0, 0xfd, 0xff, 0xb0,
    0x3, 0xf1, 0x0, 0xf, 0xb2, 0x2e, 0x70, 0x1f,
    0x81, 0x3b, 0xf5, 0x0, 0xa9, 0x0, 0x4d, 0xff,
    0x9f, 0x50, 0xe, 0x60, 0x1, 0x51, 0x0, 0xf5,
    0x8, 0xd0, 0x0, 0x9f, 0x10, 0xf, 0x50, 0x1,
    0x0, 0x1, 0x50, 0x0, 0x0, 0x0, 0x0, 0x0,

    /* U+0959 "ख़" */
    0xff, 0xff, 0xff, 0xff, 0xff, 0xff, 0xf5, 0x22,
    0x2b, 0xb2, 0x23, 0x22, 0xab, 0x20, 0x0, 0x8,
    0xc0, 0x5e, 0xfa, 0xaa, 0x0, 0x2b, 0x5c, 0xa1,
    0xf7, 0x14, 0xaa, 0x0, 0x4f, 0xff, 0x54, 0xf0,
    0x0, 0xaa, 0x0, 0xf, 0xf7, 0x1, 0xf6, 0x13,
    0xda, 0x0, 0x7, 0xd0, 0x0, 0x5e, 0xff, 0xfa,
    0x0, 0x0, 0xbb, 0x10, 0x0, 0x0, 0xaa, 0x0,
    0xc, 0x6b, 0xe7, 0x32, 0x37, 0xfa, 0x0, 0x1e,
    0x70, 0x5b, 0xef, 0xeb, 0xca, 0x0,

    /* U+095A "ग़" */
    0xff, 0xff, 0xff, 0xff, 0xf3, 0x22, 0xf6, 0x22,
    0xca, 0x20, 0x0, 0xf5, 0x0, 0xb9, 0x0, 0x0,
    0xf5, 0x0, 0xb9, 0x0, 0x3e, 0xf5, 0x0, 0xb9,
    0x0, 0x2f, 0xf5, 0x0, 0xb9, 0x0, 0x5, 0xc2,
    0x0, 0xb9, 0x0, 0x0, 0x0, 0x0, 0xb9, 0x0,
    0x2, 0xd3, 0x0, 0xb9, 0x0, 0x2, 0xf4, 0x0,
    0xb9, 0x0,

    /* U+095B "ज़" */
    0xff, 0xff, 0xff, 0xff, 0xff, 0xff, 0x12, 0x22,
    0x22, 0x22, 0x22, 0xd8, 0x20, 0x0, 0x0, 0x1,
    0x11, 0x1d, 0x70, 0x3, 0x90, 0x6, 0xff, 0xff,
    0xf7, 0x0, 0x2f, 0x10, 0x2d, 0x81, 0x1d, 0x70,
    0x0, 0xc8, 0x0, 0x3f, 0x10, 0xd7, 0x0, 0x4,
    0xf1, 0x0, 0xf4, 0xd, 0x70, 0x0, 0xa, 0xc2,
    0x4f, 0x30, 0xd7, 0x0, 0x0, 0xa, 0xff, 0x80,
    0xd, 0x70, 0x0, 0x0, 0x6, 0x10, 0x0, 0xd7,
    0x0, 0x0, 0x5, 0xf5, 0x0, 0x0, 0x0, 0x0,
    0x0, 0x6, 0x0, 0x0, 0x0, 0x0,

    /* U+095C "ड़" */
    0x2f, 0xff, 0xff, 0xff, 0xfb, 0x2, 0x22, 0x22,
    0x4f, 0x41, 0x0, 0x0, 0x1, 0x3f, 0x20, 0x0,
    0x2d, 0xff, 0xff, 0x20, 0x0, 0x7d, 0x11, 0x11,
    0x0, 0x0, 0x4f, 0x9f, 0xfd, 0x20, 0x0, 0x4,
    0x92, 0x2c, 0xa0, 0x3, 0x90, 0x0, 0x7, 0xc0,
    0x4, 0xed, 0x63, 0x5e, 0x90, 0x0, 0x19, 0xdf,
    0xe9, 0x0, 0x0, 0x0, 0x0, 0x0, 0x0, 0x0,
    0x0, 0x15, 0x0, 0x0, 0x0, 0x0, 0x9f, 0x10,
    0x0, 0x0, 0x0, 0x15, 0x0, 0x0,

    /* U+095D "ढ़" */
    0xff, 0xff, 0xff, 0xff, 0xf3, 0x22, 0x22, 0x25,
    0xf2, 0x20, 0x0, 0x0, 0x4, 0xf0, 0x0, 0x0,
    0x9e, 0xff, 0xf0, 0x0, 0xb, 0xd5, 0x21, 0x10,
    0x0, 0x2f, 0x30, 0x6f, 0xf9, 0x0, 0x4f, 0x1,
    0xf4, 0x2f, 0x30, 0x1f, 0x42, 0xf0, 0xe, 0x50,
    0x9, 0xe6, 0xf5, 0x8f, 0x10, 0x0, 0x6d, 0xff,
    0xb3, 0x0, 0x0, 0x0, 0x0, 0x0, 0x0, 0x0,
    0x0, 0x60, 0x0, 0x0, 0x0, 0x4, 0xf6, 0x0,
    0x0, 0x0, 0x0, 0x61, 0x0, 0x0,

    /* U+095E "फ़" */
    0xff, 0xff, 0xff, 0xff, 0xff, 0xff, 0x92, 0xca,
    0x22, 0x2f, 0x72, 0x22, 0x21, 0xb, 0x90, 0x0,
    0xf5, 0x0, 0x0, 0x0, 0xb9, 0x0, 0xf, 0x50,
    0x0, 0x0, 0xb, 0x90, 0x0, 0xfd, 0xff, 0xb1,
    0x0, 0x7e, 0x21, 0x6f, 0xb2, 0x2d, 0x80, 0x0,
    0xbf, 0xfd, 0xf5, 0x0, 0xa9, 0x0, 0x0, 0x0,
    0xf, 0x50, 0xe, 0x70, 0x0, 0x51, 0x0, 0xf5,
    0x8, 0xe0, 0x0, 0x2f, 0x70, 0xf, 0x50, 0x2,
    0x0, 0x0, 0x51, 0x0, 0x0, 0x0, 0x0, 0x0,

    /* U+095F "य़" */
    0xff, 0xff, 0xff, 0xff, 0xf8, 0x22, 0x9d, 0x22,
    0x8e, 0x21, 0x0, 0x3f, 0x10, 0x7d, 0x0, 0x0,
    0x9f, 0x0, 0x7d, 0x0, 0x4f, 0xe5, 0x0, 0x7d,
    0x0, 0x1f, 0x40, 0x0, 0x8d, 0x0, 0x9, 0xd3,
    0x16, 0xfd, 0x0, 0x0, 0x9f, 0xfd, 0xbd, 0x0,
    0x0, 0x50, 0x0, 0x7d, 0x0, 0x6, 0xf4, 0x0,
    0x7d, 0x0, 0x0, 0x50, 0x0, 0x0, 0x0,

    /* U+0960 "ॠ" */
    0xff, 0xff, 0xff, 0xff, 0xff, 0xff, 0xfe, 0x22,
    0x22, 0x22, 0xe7, 0x22, 0x22, 0x22, 0x0, 0x10,
    0x0, 0xe6, 0x0, 0x10, 0x0, 0x5f, 0xff, 0xa0,
    0xe6, 0x9, 0xf8, 0x0, 0x15, 0x23, 0xcc, 0xe7,
    0x4c, 0xf8, 0x0, 0x0, 0x0, 0x2f, 0xff, 0xfa,
    0xc8, 0x0, 0x0, 0x18, 0xfc, 0xf6, 0x5, 0xdf,
    0x10, 0x8, 0xfd, 0x40, 0xe6, 0xf, 0x50, 0x0,
    0x8, 0x60, 0x0, 0xe6, 0xf, 0x73, 0x80, 0x0,
    0x0, 0x0, 0xe6, 0xb, 0xff, 0xc2, 0x0, 0x0,
    0x0, 0x0, 0xe, 0x71, 0x21, 0x0, 0x0, 0x0,
    0x0, 0x5, 0xef, 0xf6, 0x0, 0x0, 0x0, 0x0,
    0x0, 0x0, 0x0,

    /* U+0961 "ॡ" */
    0xff, 0xff, 0xff, 0xff, 0xff, 0xf6, 0x22, 0x22,
    0x22, 0x28, 0xd2, 0x20, 0x0, 0x0, 0x0, 0x8,
    0xc0, 0x0, 0x5, 0xef, 0xe6, 0xcf, 0xf8, 0x0,
    0x1f, 0x91, 0x5f, 0xc2, 0x4f, 0x30, 0x4f, 0x0,
    0x1f, 0x40, 0xd, 0x70, 0x2f, 0x20, 0x2d, 0x0,
    0x3e, 0x60, 0xd, 0xa0, 0x0, 0xb, 0xfc, 0x20,
    0x2, 0xea, 0x10, 0x2f, 0x20, 0x0, 0x0, 0x2d,
    0x90, 0x1f, 0x41, 0x73, 0x0, 0x0, 0x0, 0xb,
    0xff, 0xc2, 0x0, 0x0, 0x0, 0xb, 0x91, 0x22,
    0x0, 0x0, 0x0, 0x3, 0xdf, 0xf9, 0x0, 0x0,
    0x0, 0x0, 0x0, 0x0,

    /* U+0962 "ॢ" */
    0xb, 0xfd, 0x9e, 0xf7, 0x7, 0xd1, 0x5f, 0x32,
    0xf1, 0x7b, 0x3, 0x90, 0x2f, 0x12, 0xf7, 0x0,
    0x5e, 0x90, 0x3, 0xd3, 0x9, 0x70, 0x0, 0x0,
    0x0, 0x3d, 0xf9,

    /* U+0963 "ॣ" */
    0xb, 0xfd, 0x9e, 0xe6, 0x0, 0x7d, 0x16, 0xf2,
    0x4f, 0x0, 0x7b, 0x3, 0x82, 0xce, 0x0, 0x1f,
    0x70, 0x7, 0x90, 0x40, 0x3, 0xd3, 0x4, 0xfe,
    0x90, 0x0, 0x0, 0x6, 0xb0, 0x70, 0x0, 0x0,
    0x1, 0xce, 0x90,

    /* U+0964 "।" */
    0xe5, 0xe6, 0xe6, 0xe6, 0xe6, 0xe6, 0xe6, 0xe6,
    0xe6, 0xe6,

    /* U+0965 "॥" */
    0xe5, 0x5, 0xee, 0x60, 0x6e, 0xe6, 0x6, 0xee,
    0x60, 0x6e, 0xe6, 0x6, 0xee, 0x60, 0x6e, 0xe6,
    0x6, 0xee, 0x60, 0x6e, 0xe6, 0x6, 0xee, 0x60,
    0x6e,

    /* U+0966 "०" */
    0x0, 0x0, 0x0, 0x0, 0x1, 0xbf, 0xfd, 0x30,
    0xb, 0xd2, 0x19, 0xf1, 0xf, 0x50, 0x0, 0xf4,
    0xf, 0x50, 0x0, 0xf5, 0xa, 0xd2, 0x19, 0xf1,
    0x1, 0xaf, 0xfd, 0x40, 0x0, 0x0, 0x0, 0x0,

    /* U+0967 "१" */
    0x7, 0xef, 0xb1, 0x3f, 0x42, 0xd9, 0x5f, 0x0,
    0x9b, 0x1e, 0x81, 0xe8, 0x2, 0xdf, 0xc0, 0x8,
    0xf9, 0x0, 0x2d, 0xe4, 0x0, 0x0, 0x7f, 0x90,
    0x0, 0x3, 0xf3, 0x0, 0x3, 0xf3, 0x0, 0x1,
    0x60,

    /* U+0968 "२" */
    0x3c, 0xff, 0xa1, 0x2, 0x62, 0x3d, 0xb0, 0x0,
    0x0, 0x4f, 0x10, 0x0, 0x3, 0xf2, 0x12, 0x0,
    0x8e, 0xd, 0xf7, 0x8f, 0x60, 0x8f, 0xfe, 0x50,
    0x0, 0x9, 0xd0, 0x0, 0x0, 0x1f, 0x80, 0x0,
    0x0, 0x8f, 0x10, 0x0, 0x0, 0x20, 0x0,

    /* U+0969 "३" */
    0x4c, 0xff, 0xb1, 0x3, 0x62, 0x3d, 0x90, 0x0,
    0x0, 0x8b, 0x0, 0x2, 0x6e, 0x70, 0xa, 0xfe,
    0xf2, 0x0, 0x0, 0x9, 0xc0, 0x0, 0x0, 0x4f,
    0x7, 0x91, 0x1b, 0xf0, 0xef, 0xff, 0xf7, 0x3,
    0x9e, 0xd3, 0x0, 0x0, 0x5f, 0x20, 0x0, 0x0,
    0x82, 0x0,

    /* U+096A "४" */
    0x8, 0x20, 0x0, 0x83, 0x2f, 0x30, 0x0, 0xd7,
    0x1f, 0x40, 0x0, 0xf6, 0x9, 0xd2, 0x9, 0xe1,
    0x0, 0x8f, 0xdc, 0x20, 0x0, 0x8f, 0xdd, 0x10,
    0x5, 0xf2, 0xb, 0xb0, 0x8, 0xc0, 0x6, 0xe0,
    0x5, 0xf4, 0x3c, 0xb0, 0x0, 0x8e, 0xfb, 0x20,

    /* U+096B "५" */
    0x0, 0x73, 0x0, 0x0, 0x6, 0xf5, 0x0, 0x0,
    0xe, 0x70, 0x0, 0x0, 0x1f, 0x20, 0x4, 0x70,
    0xf, 0x40, 0xe, 0xf5, 0xa, 0xd3, 0x1c, 0xf3,
    0x0, 0x9f, 0xff, 0xc0, 0x0, 0x0, 0x14, 0xf0,
    0x0, 0x0, 0x2, 0xf3, 0x0, 0x0, 0x0, 0xf6,
    0x0, 0x0, 0x0, 0x20,

    /* U+096C "६" */
    0x9, 0xef, 0xe5, 0x8, 0xe4, 0x23, 0x10, 0xaa,
    0x0, 0x0, 0x5, 0xe3, 0x11, 0x0, 0xd, 0xff,
    0xf1, 0x8, 0xe4, 0x10, 0x0, 0xb9, 0x0, 0x45,
    0x7, 0xe4, 0x1e, 0xf2, 0x8, 0xef, 0xfc, 0x0,
    0x0, 0x7, 0xc0, 0x0, 0x0, 0x1f, 0x40, 0x0,
    0x0, 0x62,

    /* U+096D "७" */
    0x2, 0x10, 0x0, 0x0, 0xc, 0x80, 0x0, 0x0,
    0xf, 0x50, 0x0, 0x0, 0x2f, 0x22, 0xef, 0xa0,
    0x4f, 0xa, 0xb2, 0xe6, 0x5f, 0xa, 0x90, 0xaa,
    0x5f, 0x5, 0xf4, 0xaa, 0x2f, 0x40, 0x7e, 0xf8,
    0xb, 0xd4, 0x17, 0xf2, 0x1, 0xaf, 0xfe, 0x50,
    0x0, 0x0, 0x10, 0x0,

    /* U+096E "८" */
    0x0, 0x0, 0x30, 0x0, 0x0, 0x5f, 0x30, 0x0,
    0x3f, 0x80, 0x0, 0x2e, 0xa0, 0x0, 0xc, 0xc0,
    0x0, 0x6, 0xf1, 0x0, 0x0, 0xba, 0x0, 0x0,
    0xc, 0x90, 0x0, 0x0, 0x7f, 0x51, 0x5d, 0x20,
    0x9f, 0xff, 0x80, 0x0, 0x1, 0x0, 0x0,

    /* U+096F "९" */
    0x9, 0xff, 0xa0, 0x6f, 0x43, 0xe7, 0x9b, 0x0,
    0xb9, 0x6e, 0x4, 0xf6, 0xd, 0xfe, 0x70, 0x1,
    0xdc, 0x10, 0x0, 0x1c, 0xe1, 0x0, 0x0, 0xda,
    0x0, 0x0, 0x7e, 0x0, 0x0, 0xcc, 0x0, 0x0,
    0x43,

    /* U+0970 "॰" */
    0x0, 0x0, 0x4, 0xdf, 0xc2, 0xe6, 0x9, 0xae,
    0x60, 0x9a, 0x4d, 0xfc, 0x20, 0x0, 0x0,

    /* U+0971 "ॱ" */
    0x6, 0x14, 0xf8, 0x7, 0x10,

    /* U+0972 "ॲ" */
    0x0, 0x0, 0x0, 0x3c, 0x0, 0xa, 0x60, 0x0,
    0x0, 0x1, 0xf7, 0x15, 0xf3, 0x0, 0x0, 0x0,
    0x4, 0xef, 0xe6, 0x0, 0x0, 0x0, 0x0, 0x0,
    0x0, 0x0, 0x0, 0x7e, 0xfe, 0x70, 0xaf, 0xff,
    0x70, 0x4, 0x52, 0x5f, 0x31, 0x9d, 0x21, 0x0,
    0x0, 0x0, 0xf4, 0x8, 0xc0, 0x0, 0x0, 0x27,
    0xce, 0x11, 0x8c, 0x0, 0x4b, 0x4, 0xcd, 0xff,
    0xff, 0xc0, 0x2, 0xf3, 0x0, 0x1e, 0x51, 0x8c,
    0x0, 0xa, 0xb0, 0x0, 0xa9, 0x8, 0xc0, 0x0,
    0x1e, 0x92, 0x4e, 0x60, 0x8c, 0x0, 0x0, 0x2c,
    0xff, 0x90, 0x8, 0xc0, 0x0, 0x0, 0x0, 0x0,
    0x0, 0x8c, 0x0,

    /* U+0973 "ॳ" */
    0x0, 0x0, 0x0, 0x0, 0x8, 0xc0, 0x0, 0x0,
    0x0, 0x0, 0x0, 0x8c, 0x0, 0x0, 0x0, 0x0,
    0x0, 0x8, 0xc0, 0x0, 0x7, 0xef, 0xe8, 0xa,
    0xff, 0xf7, 0x0, 0x34, 0x25, 0xf3, 0x19, 0xd2,
    0x10, 0x0, 0x0, 0xf, 0x40, 0x8c, 0x0, 0x0,
    0x2, 0x8d, 0xd1, 0x18, 0xc0, 0x4, 0xc0, 0x3b,
    0xdf, 0xff, 0xfc, 0x0, 0x1f, 0x30, 0x0, 0xe6,
    0x8, 0xc0, 0x0, 0xab, 0x0, 0xa, 0x90, 0x8c,
    0x0, 0x1, 0xe9, 0x24, 0xf6, 0x8, 0xc0, 0x0,
    0x2, 0xcf, 0xf9, 0x0, 0x8c, 0x0, 0x0, 0x0,
    0x0, 0x0, 0x8, 0xc0, 0x0,

    /* U+0974 "ॴ" */
    0x0, 0x0, 0x0, 0x0, 0x0, 0x0, 0x5, 0xf0,
    0x0, 0x0, 0x0, 0x0, 0x0, 0x0, 0x0, 0x5f,
    0x0, 0x0, 0x0, 0x0, 0x0, 0x0, 0x0, 0x5,
    0xf0, 0x0, 0x7, 0xef, 0xe8, 0xa, 0xff, 0xff,
    0xff, 0xf9, 0x0, 0x34, 0x25, 0xf3, 0x19, 0xd2,
    0x27, 0xf2, 0x10, 0x0, 0x0, 0xf, 0x40, 0x8c,
    0x0, 0x5f, 0x0, 0x0, 0x2, 0x8d, 0xd1, 0x18,
    0xc0, 0x5, 0xf0, 0x4, 0xc0, 0x3b, 0xdf, 0xff,
    0xfc, 0x0, 0x5f, 0x0, 0x1f, 0x30, 0x0, 0xe6,
    0x8, 0xc0, 0x5, 0xf0, 0x0, 0xab, 0x0, 0xa,
    0x90, 0x8c, 0x0, 0x5f, 0x0, 0x1, 0xe9, 0x24,
    0xf6, 0x8, 0xc0, 0x5, 0xf0, 0x0, 0x2, 0xcf,
    0xf9, 0x0, 0x8c, 0x0, 0x5f, 0x0, 0x0, 0x0,
    0x0, 0x0, 0x8, 0xc0, 0x5, 0xf0, 0x0,

    /* U+0975 "ॵ" */
    0x0, 0x0, 0x0, 0x0, 0x0, 0xa, 0xa0, 0x0,
    0x0, 0x0, 0x0, 0x0, 0x0, 0x82, 0x3d, 0xfa,
    0x0, 0x0, 0x0, 0x0, 0x0, 0x8, 0xff, 0xf9,
    0xe3, 0x0, 0x0, 0x0, 0x0, 0x0, 0x0, 0x1,
    0xad, 0x10, 0x0, 0x4c, 0xfe, 0x70, 0xaf, 0xff,
    0xff, 0xff, 0x90, 0x8, 0x72, 0x6f, 0x21, 0x9d,
    0x22, 0x7f, 0x21, 0x0, 0x0, 0x0, 0xf5, 0x8,
    0xc0, 0x5, 0xf0, 0x0, 0x0, 0x1, 0x8f, 0x10,
    0x8c, 0x0, 0x5f, 0x0, 0x25, 0x5, 0xff, 0xa1,
    0x1a, 0xc0, 0x5, 0xf0, 0x4, 0xf1, 0x2, 0x3f,
    0xff, 0xfc, 0x0, 0x5f, 0x0, 0xc, 0x90, 0x0,
    0xb9, 0x8, 0xc0, 0x5, 0xf0, 0x0, 0x2f, 0x81,
    0x3e, 0x70, 0x8c, 0x0, 0x5f, 0x0, 0x0, 0x3d,
    0xff, 0xa0, 0x8, 0xc0, 0x5, 0xf0, 0x0, 0x0,
    0x0, 0x0, 0x0, 0x8c, 0x0, 0x5f, 0x0,

    /* U+0976 "ॶ" */
    0x0, 0x7e, 0xfe, 0x70, 0xaf, 0xff, 0x70, 0x4,
    0x52, 0x5f, 0x31, 0x9d, 0x21, 0x0, 0x0, 0x0,
    0xf4, 0x8, 0xc0, 0x0, 0x0, 0x27, 0xce, 0x11,
    0x8c, 0x0, 0x4b, 0x4, 0xcd, 0xff, 0xff, 0xc0,
    0x2, 0xf3, 0x0, 0x1e, 0x51, 0x8c, 0x0, 0xa,
    0xb0, 0x0, 0xa9, 0x8, 0xc0, 0x0, 0x1e, 0x92,
    0x4e, 0x60, 0x8c, 0x0, 0x0, 0x2c, 0xff, 0x90,
    0x8, 0xc0, 0x0, 0x0, 0x0, 0x0, 0x0, 0x8c,
    0x0, 0x0, 0x0, 0x0, 0x0, 0x0, 0x0, 0x0,
    0x0, 0x2, 0xc4, 0x12, 0x7b, 0x0, 0x0, 0x0,
    0x7, 0xef, 0xfc, 0x30, 0x0, 0x0, 0x0, 0x0,
    0x0, 0x0, 0x0,

    /* U+0977 "ॷ" */
    0x0, 0x7e, 0xfe, 0x70, 0xaf, 0xff, 0x70, 0x4,
    0x52, 0x5f, 0x31, 0x9d, 0x21, 0x0, 0x0, 0x0,
    0xf4, 0x8, 0xc0, 0x0, 0x0, 0x27, 0xce, 0x11,
    0x8c, 0x0, 0x4b, 0x4, 0xcd, 0xff, 0xff, 0xc0,
    0x2, 0xf3, 0x0, 0x1e, 0x51, 0x8c, 0x0, 0xa,
    0xb0, 0x0, 0xa9, 0x8, 0xc0, 0x0, 0x1e, 0x92,
    0x4e, 0x60, 0x8c, 0x0, 0x0, 0x2c, 0xff, 0x90,
    0x8, 0xc0, 0x0, 0x0, 0x0, 0x0, 0x0, 0x8c,
    0x0, 0x0, 0x0, 0x7, 0x21, 0x14, 0x60, 0x0,
    0x0, 0x1, 0xbf, 0xff, 0xe8, 0x0, 0x0, 0x0,
    0x7, 0x43, 0x34, 0x50, 0x0, 0x0, 0x2, 0xbe,
    0xff, 0xd8, 0x0,

    /* U+0978 "ॸ" */
    0xff, 0xff, 0xff, 0xff, 0xf1, 0x22, 0xf6, 0x22,
    0x22, 0x20, 0x0, 0xf5, 0x0, 0x0, 0x0, 0x0,
    0xf5, 0x10, 0x0, 0x0, 0x19, 0xff, 0xff, 0xb2,
    0x0, 0x4f, 0xf6, 0x13, 0xcd, 0x0, 0x9, 0xf3,
    0x0, 0x3f, 0x10, 0x0, 0x0, 0x0, 0x3f, 0x10,
    0x0, 0x0, 0x0, 0x9d, 0x0, 0x0, 0x0, 0x2,
    0xf5, 0x0, 0x0, 0x0, 0x0, 0x10, 0x0,

    /* U+0979 "ॹ" */
    0xff, 0xff, 0xff, 0xff, 0xff, 0xff, 0x12, 0x22,
    0x22, 0x22, 0x22, 0xd8, 0x20, 0x1, 0x0, 0x1,
    0x11, 0x1d, 0x70, 0x5, 0xe0, 0x5, 0xff, 0xff,
    0xf7, 0x0, 0xe, 0x50, 0x7, 0xd1, 0x1d, 0x70,
    0x0, 0x7e, 0x0, 0xf, 0x40, 0xd7, 0x0, 0x0,
    0xcb, 0x24, 0xf4, 0xd, 0x70, 0x0, 0x1, 0xaf,
    0xfa, 0x0, 0xd7, 0x0, 0x0, 0x29, 0x13, 0x90,
    0xd, 0x70, 0x0, 0x3, 0xe4, 0x6e, 0x10, 0xd7,
    0x0, 0x0, 0x0, 0xda, 0x0, 0x0, 0x0, 0x0,
    0x0, 0x2, 0x10, 0x0, 0x0, 0x0,

    /* U+097A "ॺ" */
    0xff, 0xff, 0xff, 0xff, 0xf8, 0x22, 0x9e, 0x22,
    0x8e, 0x21, 0x0, 0x3f, 0x80, 0x7d, 0x0, 0x0,
    0x9f, 0xe5, 0x7d, 0x0, 0x4f, 0xe5, 0x3e, 0x9d,
    0x0, 0x1f, 0x40, 0x6, 0xfd, 0x0, 0x9, 0xd3,
    0x16, 0xfd, 0x0, 0x0, 0x9f, 0xfd, 0xbd, 0x0,
    0x0, 0x0, 0x0, 0x7d, 0x0, 0x0, 0x0, 0x0,
    0x7d, 0x0,

    /* U+097B "ॻ" */
    0xff, 0xff, 0xff, 0xff, 0xf4, 0x22, 0xf6, 0x22,
    0xba, 0x20, 0x0, 0xf5, 0x0, 0xb9, 0x0, 0x0,
    0xf5, 0x0, 0xb9, 0x0, 0x4f, 0xf5, 0x0, 0xb9,
    0x0, 0x2f, 0xf5, 0x0, 0xb9, 0x0, 0x4, 0xc2,
    0x0, 0xb9, 0x0, 0x0, 0x0, 0x0, 0xb9, 0x0,
    0x1, 0x22, 0x22, 0xc9, 0x0, 0xb, 0xff, 0xff,
    0xf9, 0x0,

    /* U+097C "ॼ" */
    0xff, 0xff, 0xff, 0xff, 0xff, 0xff, 0x12, 0x22,
    0x22, 0x22, 0x22, 0xd8, 0x20, 0x0, 0x0, 0x1,
    0x11, 0x1d, 0x70, 0x5, 0xe0, 0x6, 0xff, 0xff,
    0xf7, 0x0, 0xe, 0x50, 0x8, 0xd1, 0x1d, 0x70,
    0x0, 0x7e, 0x0, 0xf, 0x40, 0xd7, 0x0, 0x0,
    0xcb, 0x23, 0xf4, 0xd, 0x70, 0x0, 0x1, 0xaf,
    0xfa, 0x0, 0xd7, 0x0, 0x1, 0x22, 0x22, 0x22,
    0x2e, 0x70, 0x0, 0xbf, 0xff, 0xff, 0xff, 0xf7,
    0x0,

    /* U+097D "ॽ" */
    0x9e, 0xfe, 0x80, 0x64, 0x26, 0xf7, 0x0, 0x0,
    0xab, 0x0, 0x0, 0xbb, 0x1, 0x5a, 0xf5, 0x5,
    0xfc, 0x50, 0x5, 0xe0, 0x0, 0x5, 0xe0, 0x0,
    0x5, 0xe0, 0x0, 0x5, 0xe0, 0x0,

    /* U+097E "ॾ" */
    0x2f, 0xff, 0xff, 0xff, 0xfd, 0x2, 0x22, 0x23,
    0x4f, 0x51, 0x0, 0x1c, 0xff, 0xff, 0x30, 0x0,
    0x6e, 0x21, 0x11, 0x0, 0x0, 0x4f, 0x20, 0x0,
    0x0, 0x0, 0x8, 0xff, 0xfd, 0x40, 0x4, 0xa0,
    0x0, 0x19, 0xd0, 0x3, 0xec, 0x51, 0x2a, 0xd0,
    0x0, 0x3b, 0xff, 0xff, 0x50, 0x5, 0xff, 0xff,
    0xff, 0xf2,

    /* U+097F "ॿ" */
    0xff, 0xff, 0xff, 0xff, 0xf5, 0x22, 0x22, 0x22,
    0xac, 0x20, 0x2, 0xbf, 0xfa, 0x9b, 0x0, 0xe,
    0xec, 0x14, 0x9b, 0x0, 0x3f, 0x1b, 0x80, 0x9b,
    0x0, 0x3f, 0x11, 0xd6, 0xab, 0x0, 0xd, 0xa2,
    0x4f, 0xfb, 0x0, 0x2, 0xbf, 0xfc, 0xbb, 0x0,
    0x1, 0x22, 0x22, 0xab, 0x0, 0xb, 0xff, 0xff,
    0xfb, 0x0,

    /* U+200B "​" */

    /* U+200C "‌" */
    0x33, 0x66, 0x66, 0x66, 0x66, 0x66, 0x66, 0x66,
    0x66, 0x66, 0x66, 0x66, 0x66, 0x66, 0x66, 0x66,

    /* U+200D "‍" */
    0x16, 0x0, 0x61, 0xb, 0x66, 0xb0, 0x0, 0xdd,
    0x0, 0x7, 0xff, 0x70, 0x1a, 0x77, 0xa1, 0x0,
    0x66, 0x0, 0x0, 0x66, 0x0, 0x0, 0x66, 0x0,
    0x0, 0x66, 0x0, 0x0, 0x66, 0x0, 0x0, 0x66,
    0x0, 0x0, 0x66, 0x0, 0x0, 0x66, 0x0, 0x0,
    0x66, 0x0, 0x0, 0x66, 0x0, 0x0, 0x66, 0x0,

    /* U+2010 "‐" */
    0x1, 0x11, 0x13, 0xff, 0xfa, 0x4, 0x44, 0x20,

    /* U+2013 "–" */
    0x1, 0x11, 0x11, 0x10, 0x5f, 0xff, 0xff, 0xf5,
    0x14, 0x44, 0x44, 0x41,

    /* U+2014 "—" */
    0x1, 0x11, 0x11, 0x11, 0x11, 0x11, 0x11, 0x10,
    0x5f, 0xff, 0xff, 0xff, 0xff, 0xff, 0xff, 0xf5,
    0x14, 0x44, 0x44, 0x44, 0x44, 0x44, 0x44, 0x41,

    /* U+2018 "‘" */
    0x8, 0xa0, 0xe6, 0x4f, 0x39, 0xf0, 0x0, 0x0,

    /* U+2019 "’" */
    0xf, 0xa2, 0xf5, 0x6f, 0x9, 0x90, 0x0, 0x0,

    /* U+201A "‚" */
    0x0, 0x0, 0xb, 0xf0, 0xe, 0xa0, 0x1f, 0x40,
    0x4d, 0x0,

    /* U+201C "“" */
    0x8, 0xa0, 0x7a, 0xe, 0x70, 0xe7, 0x4f, 0x34,
    0xf3, 0x9f, 0x18, 0xf1, 0x0, 0x0, 0x0,

    /* U+201D "”" */
    0xf, 0xa0, 0xfa, 0x2f, 0x52, 0xf5, 0x6f, 0x5,
    0xf0, 0x99, 0x9, 0x90, 0x0, 0x0, 0x0,

    /* U+201E "„" */
    0x0, 0x0, 0x0, 0x0, 0xbf, 0xb, 0xf0, 0xe,
    0xa0, 0xda, 0x1, 0xf4, 0x1f, 0x40, 0x4d, 0x4,
    0xe0, 0x0,

    /* U+2022 "•" */
    0x0, 0x0, 0x5f, 0xf5, 0xbf, 0xfb, 0xbf, 0xfb,
    0x3e, 0xe4,

    /* U+2026 "…" */
    0x12, 0x0, 0x3, 0x0, 0x2, 0xc, 0xf1, 0x7,
    0xf5, 0x3, 0xfa, 0xae, 0x0, 0x5f, 0x30, 0x2e,
    0x80,

    /* U+2039 "‹" */
    0x0, 0x9, 0x10, 0xb, 0xc0, 0x8, 0xe1, 0x3,
    0xf5, 0x0, 0xb, 0xc0, 0x0, 0x1e, 0x90, 0x0,
    0x2d, 0x10, 0x0, 0x0,

    /* U+203A "›" */
    0x19, 0x0, 0x0, 0xca, 0x0, 0x1, 0xe7, 0x0,
    0x5, 0xf2, 0x0, 0xcb, 0x0, 0x9d, 0x0, 0x2d,
    0x20, 0x0, 0x0, 0x0
};


/*---------------------
 *  GLYPH DESCRIPTION
 *--------------------*/

static const lv_font_fmt_txt_glyph_dsc_t glyph_dsc[] = {
    {.bitmap_index = 0, .adv_w = 0, .box_w = 0, .box_h = 0, .ofs_x = 0, .ofs_y = 0} /* id = 0 reserved */,
    {.bitmap_index = 0, .adv_w = 67, .box_w = 0, .box_h = 0, .ofs_x = 0, .ofs_y = 0},
    {.bitmap_index = 0, .adv_w = 98, .box_w = 3, .box_h = 12, .ofs_x = 2, .ofs_y = 0},
    {.bitmap_index = 18, .adv_w = 129, .box_w = 6, .box_h = 5, .ofs_x = 1, .ofs_y = 7},
    {.bitmap_index = 33, .adv_w = 167, .box_w = 10, .box_h = 11, .ofs_x = 0, .ofs_y = 0},
    {.bitmap_index = 88, .adv_w = 146, .box_w = 9, .box_h = 14, .ofs_x = 0, .ofs_y = -2},
    {.bitmap_index = 151, .adv_w = 212, .box_w = 13, .box_h = 10, .ofs_x = 0, .ofs_y = 0},
    {.bitmap_index = 216, .adv_w = 187, .box_w = 12, .box_h = 12, .ofs_x = 0, .ofs_y = 0},
    {.bitmap_index = 288, .adv_w = 83, .box_w = 3, .box_h = 5, .ofs_x = 1, .ofs_y = 7},
    {.bitmap_index = 296, .adv_w = 91, .box_w = 4, .box_h = 17, .ofs_x = 1, .ofs_y = -3},
    {.bitmap_index = 330, .adv_w = 91, .box_w = 5, .box_h = 17, .ofs_x = 0, .ofs_y = -3},
    {.bitmap_index = 373, .adv_w = 155, .box_w = 8, .box_h = 8, .ofs_x = 1, .ofs_y = 4},
    {.bitmap_index = 405, .adv_w = 141, .box_w = 9, .box_h = 8, .ofs_x = 0, .ofs_y = 1},
    {.bitmap_index = 441, .adv_w = 69, .box_w = 4, .box_h = 5, .ofs_x = 0, .ofs_y = -2},
    {.bitmap_index = 451, .adv_w = 87, .box_w = 5, .box_h = 3, .ofs_x = 0, .ofs_y = 3},
    {.bitmap_index = 459, .adv_w = 69, .box_w = 3, .box_h = 3, .ofs_x = 1, .ofs_y = 0},
    {.bitmap_index = 464, .adv_w = 110, .box_w = 7, .box_h = 17, .ofs_x = 0, .ofs_y = -3},
    {.bitmap_index = 524, .adv_w = 141, .box_w = 9, .box_h = 12, .ofs_x = 0, .ofs_y = 0},
    {.bitmap_index = 578, .adv_w = 141, .box_w = 5, .box_h = 12, .ofs_x = 1, .ofs_y = 0},
    {.bitmap_index = 608, .adv_w = 141, .box_w = 8, .box_h = 12, .ofs_x = 0, .ofs_y = 0},
    {.bitmap_index = 656, .adv_w = 141, .box_w = 8, .box_h = 12, .ofs_x = 0, .ofs_y = 0},
    {.bitmap_index = 704, .adv_w = 141, .box_w = 9, .box_h = 12, .ofs_x = 0, .ofs_y = 0},
    {.bitmap_index = 758, .adv_w = 141, .box_w = 7, .box_h = 12, .ofs_x = 1, .ofs_y = 0},
    {.bitmap_index = 800, .adv_w = 141, .box_w = 9, .box_h = 12, .ofs_x = 0, .ofs_y = 0},
    {.bitmap_index = 854, .adv_w = 141, .box_w = 9, .box_h = 12, .ofs_x = 0, .ofs_y = 0},
    {.bitmap_index = 908, .adv_w = 141, .box_w = 8, .box_h = 12, .ofs_x = 0, .ofs_y = 0},
    {.bitmap_index = 956, .adv_w = 141, .box_w = 9, .box_h = 12, .ofs_x = 0, .ofs_y = 0},
    {.bitmap_index = 1010, .adv_w = 75, .box_w = 3, .box_h = 9, .ofs_x = 1, .ofs_y = 0},
    {.bitmap_index = 1024, .adv_w = 75, .box_w = 4, .box_h = 12, .ofs_x = 0, .ofs_y = -3},
    {.bitmap_index = 1048, .adv_w = 141, .box_w = 9, .box_h = 9, .ofs_x = 0, .ofs_y = 1},
    {.bitmap_index = 1089, .adv_w = 141, .box_w = 9, .box_h = 5, .ofs_x = 0, .ofs_y = 2},
    {.bitmap_index = 1112, .adv_w = 141, .box_w = 9, .box_h = 9, .ofs_x = 0, .ofs_y = 1},
    {.bitmap_index = 1153, .adv_w = 133, .box_w = 7, .box_h = 12, .ofs_x = 1, .ofs_y = 0},
    {.bitmap_index = 1195, .adv_w = 230, .box_w = 14, .box_h = 14, .ofs_x = 0, .ofs_y = -2},
    {.bitmap_index = 1293, .adv_w = 164, .box_w = 11, .box_h = 12, .ofs_x = 0, .ofs_y = 0},
    {.bitmap_index = 1359, .adv_w = 166, .box_w = 9, .box_h = 12, .ofs_x = 1, .ofs_y = 0},
    {.bitmap_index = 1413, .adv_w = 162, .box_w = 10, .box_h = 12, .ofs_x = 0, .ofs_y = 0},
    {.bitmap_index = 1473, .adv_w = 187, .box_w = 10, .box_h = 12, .ofs_x = 1, .ofs_y = 0},
    {.bitmap_index = 1533, .adv_w = 142, .box_w = 7, .box_h = 12, .ofs_x = 1, .ofs_y = 0},
    {.bitmap_index = 1575, .adv_w = 133, .box_w = 7, .box_h = 12, .ofs_x = 1, .ofs_y = 0},
    {.bitmap_index = 1617, .adv_w = 186, .box_w = 11, .box_h = 12, .ofs_x = 0, .ofs_y = 0},
    {.bitmap_index = 1683, .adv_w = 190, .box_w = 10, .box_h = 12, .ofs_x = 1, .ofs_y = 0},
    {.bitmap_index = 1743, .adv_w = 87, .box_w = 5, .box_h = 12, .ofs_x = 0, .ofs_y = 0},
    {.bitmap_index = 1773, .adv_w = 70, .box_w = 5, .box_h = 16, .ofs_x = -2, .ofs_y = -4},
    {.bitmap_index = 1813, .adv_w = 158, .box_w = 9, .box_h = 12, .ofs_x = 1, .ofs_y = 0},
    {.bitmap_index = 1867, .adv_w = 134, .box_w = 7, .box_h = 12, .ofs_x = 1, .ofs_y = 0},
    {.bitmap_index = 1909, .adv_w = 232, .box_w = 12, .box_h = 12, .ofs_x = 1, .ofs_y = 0},
    {.bitmap_index = 1981, .adv_w = 195, .box_w = 10, .box_h = 12, .ofs_x = 1, .ofs_y = 0},
    {.bitmap_index = 2041, .adv_w = 200, .box_w = 12, .box_h = 12, .ofs_x = 0, .ofs_y = 0},
    {.bitmap_index = 2113, .adv_w = 155, .box_w = 8, .box_h = 12, .ofs_x = 1, .ofs_y = 0},
    {.bitmap_index = 2161, .adv_w = 200, .box_w = 12, .box_h = 15, .ofs_x = 0, .ofs_y = -3},
    {.bitmap_index = 2251, .adv_w = 159, .box_w = 9, .box_h = 12, .ofs_x = 1, .ofs_y = 0},
    {.bitmap_index = 2305, .adv_w = 141, .box_w = 9, .box_h = 12, .ofs_x = 0, .ofs_y = 0},
    {.bitmap_index = 2359, .adv_w = 142, .box_w = 9, .box_h = 12, .ofs_x = 0, .ofs_y = 0},
    {.bitmap_index = 2413, .adv_w = 187, .box_w = 10, .box_h = 12, .ofs_x = 1, .ofs_y = 0},
    {.bitmap_index = 2473, .adv_w = 154, .box_w = 10, .box_h = 12, .ofs_x = 0, .ofs_y = 0},
    {.bitmap_index = 2533, .adv_w = 238, .box_w = 15, .box_h = 12, .ofs_x = 0, .ofs_y = 0},
    {.bitmap_index = 2623, .adv_w = 150, .box_w = 10, .box_h = 12, .ofs_x = 0, .ofs_y = 0},
    {.bitmap_index = 2683, .adv_w = 145, .box_w = 10, .box_h = 12, .ofs_x = 0, .ofs_y = 0},
    {.bitmap_index = 2743, .adv_w = 146, .box_w = 9, .box_h = 12, .ofs_x = 0, .ofs_y = 0},
    {.bitmap_index = 2797, .adv_w = 91, .box_w = 4, .box_h = 17, .ofs_x = 1, .ofs_y = -4},
    {.bitmap_index = 2831, .adv_w = 110, .box_w = 7, .box_h = 17, .ofs_x = 0, .ofs_y = -3},
    {.bitmap_index = 2891, .adv_w = 91, .box_w = 4, .box_h = 17, .ofs_x = 0, .ofs_y = -4},
    {.bitmap_index = 2925, .adv_w = 141, .box_w = 9, .box_h = 8, .ofs_x = 0, .ofs_y = 4},
    {.bitmap_index = 2961, .adv_w = 105, .box_w = 8, .box_h = 2, .ofs_x = -1, .ofs_y = -3},
    {.bitmap_index = 2969, .adv_w = 72, .box_w = 4, .box_h = 3, .ofs_x = 0, .ofs_y = 10},
    {.bitmap_index = 2975, .adv_w = 144, .box_w = 8, .box_h = 9, .ofs_x = 0, .ofs_y = 0},
    {.bitmap_index = 3011, .adv_w = 157, .box_w = 8, .box_h = 12, .ofs_x = 1, .ofs_y = 0},
    {.bitmap_index = 3059, .adv_w = 123, .box_w = 8, .box_h = 9, .ofs_x = 0, .ofs_y = 0},
    {.bitmap_index = 3095, .adv_w = 157, .box_w = 9, .box_h = 12, .ofs_x = 0, .ofs_y = 0},
    {.bitmap_index = 3149, .adv_w = 144, .box_w = 9, .box_h = 9, .ofs_x = 0, .ofs_y = 0},
    {.bitmap_index = 3190, .adv_w = 88, .box_w = 7, .box_h = 12, .ofs_x = 0, .ofs_y = 0},
    {.bitmap_index = 3232, .adv_w = 157, .box_w = 9, .box_h = 13, .ofs_x = 0, .ofs_y = -4},
    {.bitmap_index = 3291, .adv_w = 158, .box_w = 8, .box_h = 12, .ofs_x = 1, .ofs_y = 0},
    {.bitmap_index = 3339, .adv_w = 66, .box_w = 2, .box_h = 12, .ofs_x = 1, .ofs_y = 0},
    {.bitmap_index = 3351, .adv_w = 66, .box_w = 4, .box_h = 16, .ofs_x = -1, .ofs_y = -4},
    {.bitmap_index = 3383, .adv_w = 137, .box_w = 8, .box_h = 12, .ofs_x = 1, .ofs_y = 0},
    {.bitmap_index = 3431, .adv_w = 66, .box_w = 2, .box_h = 12, .ofs_x = 1, .ofs_y = 0},
    {.bitmap_index = 3443, .adv_w = 239, .box_w = 13, .box_h = 9, .ofs_x = 1, .ofs_y = 0},
    {.bitmap_index = 3502, .adv_w = 158, .box_w = 8, .box_h = 9, .ofs_x = 1, .ofs_y = 0},
    {.bitmap_index = 3538, .adv_w = 155, .box_w = 9, .box_h = 9, .ofs_x = 0, .ofs_y = 0},
    {.bitmap_index = 3579, .adv_w = 157, .box_w = 8, .box_h = 13, .ofs_x = 1, .ofs_y = -4},
    {.bitmap_index = 3631, .adv_w = 157, .box_w = 9, .box_h = 13, .ofs_x = 0, .ofs_y = -4},
    {.bitmap_index = 3690, .adv_w = 106, .box_w = 6, .box_h = 9, .ofs_x = 1, .ofs_y = 0},
    {.bitmap_index = 3717, .adv_w = 123, .box_w = 7, .box_h = 9, .ofs_x = 0, .ofs_y = 0},
    {.bitmap_index = 3749, .adv_w = 92, .box_w = 6, .box_h = 11, .ofs_x = 0, .ofs_y = 0},
    {.bitmap_index = 3782, .adv_w = 158, .box_w = 8, .box_h = 9, .ofs_x = 1, .ofs_y = 0},
    {.bitmap_index = 3818, .adv_w = 130, .box_w = 9, .box_h = 9, .ofs_x = 0, .ofs_y = 0},
    {.bitmap_index = 3859, .adv_w = 201, .box_w = 13, .box_h = 9, .ofs_x = 0, .ofs_y = 0},
    {.bitmap_index = 3918, .adv_w = 135, .box_w = 9, .box_h = 9, .ofs_x = 0, .ofs_y = 0},
    {.bitmap_index = 3959, .adv_w = 131, .box_w = 9, .box_h = 13, .ofs_x = 0, .ofs_y = -4},
    {.bitmap_index = 4018, .adv_w = 120, .box_w = 7, .box_h = 9, .ofs_x = 0, .ofs_y = 0},
    {.bitmap_index = 4050, .adv_w = 100, .box_w = 6, .box_h = 17, .ofs_x = 0, .ofs_y = -4},
    {.bitmap_index = 4101, .adv_w = 138, .box_w = 2, .box_h = 17, .ofs_x = 3, .ofs_y = -3},
    {.bitmap_index = 4118, .adv_w = 96, .box_w = 6, .box_h = 17, .ofs_x = 0, .ofs_y = -4},
    {.bitmap_index = 4169, .adv_w = 141, .box_w = 9, .box_h = 4, .ofs_x = 0, .ofs_y = 3},
    {.bitmap_index = 4187, .adv_w = 0, .box_w = 7, .box_h = 5, .ofs_x = -6, .ofs_y = 10},
    {.bitmap_index = 4205, .adv_w = 0, .box_w = 7, .box_h = 4, .ofs_x = -6, .ofs_y = 11},
    {.bitmap_index = 4219, .adv_w = 0, .box_w = 2, .box_h = 3, .ofs_x = -3, .ofs_y = 11},
    {.bitmap_index = 4222, .adv_w = 52, .box_w = 4, .box_h = 9, .ofs_x = 0, .ofs_y = 1},
    {.bitmap_index = 4240, .adv_w = 196, .box_w = 13, .box_h = 15, .ofs_x = 0, .ofs_y = 0},
    {.bitmap_index = 4338, .adv_w = 196, .box_w = 13, .box_h = 10, .ofs_x = 0, .ofs_y = 0},
    {.bitmap_index = 4403, .adv_w = 262, .box_w = 17, .box_h = 10, .ofs_x = 0, .ofs_y = 0},
    {.bitmap_index = 4488, .adv_w = 126, .box_w = 9, .box_h = 13, .ofs_x = 0, .ofs_y = -3},
    {.bitmap_index = 4547, .adv_w = 126, .box_w = 9, .box_h = 17, .ofs_x = 0, .ofs_y = -3},
    {.bitmap_index = 4624, .adv_w = 140, .box_w = 10, .box_h = 10, .ofs_x = 0, .ofs_y = 0},
    {.bitmap_index = 4674, .adv_w = 201, .box_w = 13, .box_h = 11, .ofs_x = 0, .ofs_y = -1},
    {.bitmap_index = 4746, .adv_w = 218, .box_w = 14, .box_h = 12, .ofs_x = 0, .ofs_y = -2},
    {.bitmap_index = 4830, .adv_w = 179, .box_w = 12, .box_h = 13, .ofs_x = 0, .ofs_y = -3},
    {.bitmap_index = 4908, .adv_w = 142, .box_w = 10, .box_h = 16, .ofs_x = 0, .ofs_y = -2},
    {.bitmap_index = 4988, .adv_w = 142, .box_w = 10, .box_h = 17, .ofs_x = 0, .ofs_y = -2},
    {.bitmap_index = 5073, .adv_w = 142, .box_w = 10, .box_h = 12, .ofs_x = 0, .ofs_y = -2},
    {.bitmap_index = 5133, .adv_w = 142, .box_w = 10, .box_h = 16, .ofs_x = 0, .ofs_y = -2},
    {.bitmap_index = 5213, .adv_w = 262, .box_w = 17, .box_h = 14, .ofs_x = 0, .ofs_y = 0},
    {.bitmap_index = 5332, .adv_w = 262, .box_w = 17, .box_h = 15, .ofs_x = 0, .ofs_y = 0},
    {.bitmap_index = 5460, .adv_w = 262, .box_w = 17, .box_h = 14, .ofs_x = 0, .ofs_y = 0},
    {.bitmap_index = 5579, .adv_w = 262, .box_w = 17, .box_h = 14, .ofs_x = 0, .ofs_y = 0},
    {.bitmap_index = 5698, .adv_w = 197, .box_w = 13, .box_h = 10, .ofs_x = 0, .ofs_y = 0},
    {.bitmap_index = 5763, .adv_w = 209, .box_w = 14, .box_h = 10, .ofs_x = 0, .ofs_y = 0},
    {.bitmap_index = 5833, .adv_w = 144, .box_w = 10, .box_h = 10, .ofs_x = 0, .ofs_y = 0},
    {.bitmap_index = 5883, .adv_w = 151, .box_w = 10, .box_h = 10, .ofs_x = 0, .ofs_y = 0},
    {.bitmap_index = 5933, .adv_w = 163, .box_w = 12, .box_h = 10, .ofs_x = -1, .ofs_y = 0},
    {.bitmap_index = 5993, .adv_w = 163, .box_w = 11, .box_h = 10, .ofs_x = 0, .ofs_y = 0},
    {.bitmap_index = 6048, .adv_w = 179, .box_w = 12, .box_h = 10, .ofs_x = 0, .ofs_y = 0},
    {.bitmap_index = 6108, .adv_w = 190, .box_w = 13, .box_h = 10, .ofs_x = 0, .ofs_y = 0},
    {.bitmap_index = 6173, .adv_w = 194, .box_w = 13, .box_h = 13, .ofs_x = 0, .ofs_y = -3},
    {.bitmap_index = 6258, .adv_w = 190, .box_w = 13, .box_h = 10, .ofs_x = 0, .ofs_y = 0},
    {.bitmap_index = 6323, .adv_w = 129, .box_w = 9, .box_h = 10, .ofs_x = 0, .ofs_y = 0},
    {.bitmap_index = 6368, .adv_w = 149, .box_w = 10, .box_h = 10, .ofs_x = 0, .ofs_y = 0},
    {.bitmap_index = 6418, .adv_w = 137, .box_w = 10, .box_h = 10, .ofs_x = -1, .ofs_y = 0},
    {.bitmap_index = 6468, .adv_w = 144, .box_w = 10, .box_h = 10, .ofs_x = 0, .ofs_y = 0},
    {.bitmap_index = 6518, .adv_w = 185, .box_w = 12, .box_h = 10, .ofs_x = 0, .ofs_y = 0},
    {.bitmap_index = 6578, .adv_w = 146, .box_w = 10, .box_h = 11, .ofs_x = 0, .ofs_y = -1},
    {.bitmap_index = 6633, .adv_w = 164, .box_w = 11, .box_h = 10, .ofs_x = 0, .ofs_y = 0},
    {.bitmap_index = 6688, .adv_w = 136, .box_w = 9, .box_h = 12, .ofs_x = 0, .ofs_y = -2},
    {.bitmap_index = 6742, .adv_w = 157, .box_w = 11, .box_h = 10, .ofs_x = 0, .ofs_y = 0},
    {.bitmap_index = 6797, .adv_w = 142, .box_w = 10, .box_h = 10, .ofs_x = 0, .ofs_y = 0},
    {.bitmap_index = 6847, .adv_w = 142, .box_w = 10, .box_h = 10, .ofs_x = 0, .ofs_y = 0},
    {.bitmap_index = 6897, .adv_w = 145, .box_w = 10, .box_h = 10, .ofs_x = 0, .ofs_y = 0},
    {.bitmap_index = 6947, .adv_w = 197, .box_w = 13, .box_h = 10, .ofs_x = 0, .ofs_y = 0},
    {.bitmap_index = 7012, .adv_w = 146, .box_w = 10, .box_h = 10, .ofs_x = 0, .ofs_y = 0},
    {.bitmap_index = 7062, .adv_w = 180, .box_w = 12, .box_h = 10, .ofs_x = 0, .ofs_y = 0},
    {.bitmap_index = 7122, .adv_w = 153, .box_w = 10, .box_h = 10, .ofs_x = 0, .ofs_y = 0},
    {.bitmap_index = 7172, .adv_w = 148, .box_w = 10, .box_h = 10, .ofs_x = 0, .ofs_y = 0},
    {.bitmap_index = 7222, .adv_w = 105, .box_w = 7, .box_h = 11, .ofs_x = 0, .ofs_y = -1},
    {.bitmap_index = 7261, .adv_w = 105, .box_w = 7, .box_h = 11, .ofs_x = 0, .ofs_y = -1},
    {.bitmap_index = 7300, .adv_w = 174, .box_w = 12, .box_h = 11, .ofs_x = 0, .ofs_y = -1},
    {.bitmap_index = 7366, .adv_w = 195, .box_w = 13, .box_h = 10, .ofs_x = 0, .ofs_y = 0},
    {.bitmap_index = 7431, .adv_w = 195, .box_w = 13, .box_h = 13, .ofs_x = 0, .ofs_y = -3},
    {.bitmap_index = 7516, .adv_w = 142, .box_w = 10, .box_h = 10, .ofs_x = 0, .ofs_y = 0},
    {.bitmap_index = 7566, .adv_w = 174, .box_w = 12, .box_h = 11, .ofs_x = 0, .ofs_y = -1},
    {.bitmap_index = 7632, .adv_w = 148, .box_w = 10, .box_h = 10, .ofs_x = 0, .ofs_y = 0},
    {.bitmap_index = 7682, .adv_w = 173, .box_w = 12, .box_h = 11, .ofs_x = 0, .ofs_y = -1},
    {.bitmap_index = 7748, .adv_w = 136, .box_w = 9, .box_h = 13, .ofs_x = 0, .ofs_y = -3},
    {.bitmap_index = 7807, .adv_w = 0, .box_w = 2, .box_h = 5, .ofs_x = -3, .ofs_y = 9},
    {.bitmap_index = 7812, .adv_w = 66, .box_w = 5, .box_h = 13, .ofs_x = 0, .ofs_y = 0},
    {.bitmap_index = 7845, .adv_w = 0, .box_w = 3, .box_h = 3, .ofs_x = -6, .ofs_y = -4},
    {.bitmap_index = 7850, .adv_w = 120, .box_w = 7, .box_h = 10, .ofs_x = 0, .ofs_y = 0},
    {.bitmap_index = 7885, .adv_w = 66, .box_w = 5, .box_h = 10, .ofs_x = 0, .ofs_y = 0},
    {.bitmap_index = 7910, .adv_w = 66, .box_w = 12, .box_h = 14, .ofs_x = 0, .ofs_y = 0},
    {.bitmap_index = 7994, .adv_w = 66, .box_w = 9, .box_h = 14, .ofs_x = -4, .ofs_y = 0},
    {.bitmap_index = 8057, .adv_w = 0, .box_w = 9, .box_h = 6, .ofs_x = -8, .ofs_y = -5},
    {.bitmap_index = 8084, .adv_w = 0, .box_w = 9, .box_h = 6, .ofs_x = -6, .ofs_y = -5},
    {.bitmap_index = 8111, .adv_w = 0, .box_w = 6, .box_h = 6, .ofs_x = -5, .ofs_y = -5},
    {.bitmap_index = 8129, .adv_w = 0, .box_w = 6, .box_h = 9, .ofs_x = -5, .ofs_y = -8},
    {.bitmap_index = 8156, .adv_w = 0, .box_w = 7, .box_h = 4, .ofs_x = -6, .ofs_y = 10},
    {.bitmap_index = 8170, .adv_w = 0, .box_w = 7, .box_h = 5, .ofs_x = -8, .ofs_y = 10},
    {.bitmap_index = 8188, .adv_w = 0, .box_w = 6, .box_h = 6, .ofs_x = -7, .ofs_y = 9},
    {.bitmap_index = 8206, .adv_w = 0, .box_w = 6, .box_h = 6, .ofs_x = -7, .ofs_y = 9},
    {.bitmap_index = 8224, .adv_w = 66, .box_w = 7, .box_h = 14, .ofs_x = -2, .ofs_y = 0},
    {.bitmap_index = 8273, .adv_w = 66, .box_w = 9, .box_h = 15, .ofs_x = -4, .ofs_y = 0},
    {.bitmap_index = 8341, .adv_w = 66, .box_w = 8, .box_h = 14, .ofs_x = -3, .ofs_y = 0},
    {.bitmap_index = 8397, .adv_w = 66, .box_w = 8, .box_h = 14, .ofs_x = -3, .ofs_y = 0},
    {.bitmap_index = 8453, .adv_w = 0, .box_w = 6, .box_h = 5, .ofs_x = -3, .ofs_y = -5},
    {.bitmap_index = 8468, .adv_w = 70, .box_w = 4, .box_h = 10, .ofs_x = 1, .ofs_y = 0},
    {.bitmap_index = 8488, .adv_w = 66, .box_w = 9, .box_h = 14, .ofs_x = -4, .ofs_y = 0},
    {.bitmap_index = 8551, .adv_w = 233, .box_w = 14, .box_h = 14, .ofs_x = 0, .ofs_y = 0},
    {.bitmap_index = 8649, .adv_w = 0, .box_w = 2, .box_h = 4, .ofs_x = -3, .ofs_y = 10},
    {.bitmap_index = 8653, .adv_w = 0, .box_w = 7, .box_h = 2, .ofs_x = -8, .ofs_y = -3},
    {.bitmap_index = 8660, .adv_w = 0, .box_w = 4, .box_h = 3, .ofs_x = -5, .ofs_y = 11},
    {.bitmap_index = 8666, .adv_w = 0, .box_w = 3, .box_h = 3, .ofs_x = -3, .ofs_y = 11},
    {.bitmap_index = 8671, .adv_w = 0, .box_w = 7, .box_h = 5, .ofs_x = -6, .ofs_y = 10},
    {.bitmap_index = 8689, .adv_w = 0, .box_w = 7, .box_h = 4, .ofs_x = -8, .ofs_y = -4},
    {.bitmap_index = 8703, .adv_w = 0, .box_w = 7, .box_h = 5, .ofs_x = -8, .ofs_y = -5},
    {.bitmap_index = 8721, .adv_w = 197, .box_w = 13, .box_h = 11, .ofs_x = 0, .ofs_y = -1},
    {.bitmap_index = 8793, .adv_w = 209, .box_w = 14, .box_h = 10, .ofs_x = 0, .ofs_y = 0},
    {.bitmap_index = 8863, .adv_w = 144, .box_w = 10, .box_h = 10, .ofs_x = 0, .ofs_y = 0},
    {.bitmap_index = 8913, .adv_w = 190, .box_w = 13, .box_h = 12, .ofs_x = 0, .ofs_y = -2},
    {.bitmap_index = 8991, .adv_w = 137, .box_w = 10, .box_h = 14, .ofs_x = -1, .ofs_y = -4},
    {.bitmap_index = 9061, .adv_w = 144, .box_w = 10, .box_h = 14, .ofs_x = 0, .ofs_y = -4},
    {.bitmap_index = 9131, .adv_w = 197, .box_w = 13, .box_h = 11, .ofs_x = 0, .ofs_y = -1},
    {.bitmap_index = 9203, .adv_w = 148, .box_w = 10, .box_h = 11, .ofs_x = 0, .ofs_y = -1},
    {.bitmap_index = 9258, .adv_w = 218, .box_w = 14, .box_h = 13, .ofs_x = 0, .ofs_y = -3},
    {.bitmap_index = 9349, .adv_w = 179, .box_w = 12, .box_h = 14, .ofs_x = 0, .ofs_y = -4},
    {.bitmap_index = 9433, .adv_w = 0, .box_w = 9, .box_h = 6, .ofs_x = -7, .ofs_y = -6},
    {.bitmap_index = 9460, .adv_w = 0, .box_w = 10, .box_h = 7, .ofs_x = -7, .ofs_y = -7},
    {.bitmap_index = 9495, .adv_w = 97, .box_w = 2, .box_h = 10, .ofs_x = 3, .ofs_y = 0},
    {.bitmap_index = 9505, .adv_w = 153, .box_w = 5, .box_h = 10, .ofs_x = 3, .ofs_y = 0},
    {.bitmap_index = 9530, .adv_w = 133, .box_w = 8, .box_h = 8, .ofs_x = 0, .ofs_y = 1},
    {.bitmap_index = 9562, .adv_w = 133, .box_w = 6, .box_h = 11, .ofs_x = 1, .ofs_y = -1},
    {.bitmap_index = 9595, .adv_w = 133, .box_w = 7, .box_h = 11, .ofs_x = 1, .ofs_y = -1},
    {.bitmap_index = 9634, .adv_w = 133, .box_w = 7, .box_h = 12, .ofs_x = 1, .ofs_y = -2},
    {.bitmap_index = 9676, .adv_w = 133, .box_w = 8, .box_h = 10, .ofs_x = 0, .ofs_y = 0},
    {.bitmap_index = 9716, .adv_w = 133, .box_w = 8, .box_h = 11, .ofs_x = 0, .ofs_y = -1},
    {.bitmap_index = 9760, .adv_w = 133, .box_w = 7, .box_h = 12, .ofs_x = 1, .ofs_y = -2},
    {.bitmap_index = 9802, .adv_w = 133, .box_w = 8, .box_h = 11, .ofs_x = 0, .ofs_y = 0},
    {.bitmap_index = 9846, .adv_w = 133, .box_w = 7, .box_h = 11, .ofs_x = 1, .ofs_y = 0},
    {.bitmap_index = 9885, .adv_w = 133, .box_w = 6, .box_h = 11, .ofs_x = 1, .ofs_y = -1},
    {.bitmap_index = 9918, .adv_w = 109, .box_w = 5, .box_h = 6, .ofs_x = 1, .ofs_y = 4},
    {.bitmap_index = 9933, .adv_w = 81, .box_w = 3, .box_h = 3, .ofs_x = 1, .ofs_y = 8},
    {.bitmap_index = 9938, .adv_w = 196, .box_w = 13, .box_h = 14, .ofs_x = 0, .ofs_y = 0},
    {.bitmap_index = 10029, .adv_w = 196, .box_w = 13, .box_h = 13, .ofs_x = 0, .ofs_y = 0},
    {.bitmap_index = 10114, .adv_w = 262, .box_w = 17, .box_h = 13, .ofs_x = 0, .ofs_y = 0},
    {.bitmap_index = 10225, .adv_w = 262, .box_w = 17, .box_h = 14, .ofs_x = 0, .ofs_y = 0},
    {.bitmap_index = 10344, .adv_w = 196, .box_w = 13, .box_h = 14, .ofs_x = 0, .ofs_y = -4},
    {.bitmap_index = 10435, .adv_w = 196, .box_w = 13, .box_h = 14, .ofs_x = 0, .ofs_y = -4},
    {.bitmap_index = 10526, .adv_w = 142, .box_w = 10, .box_h = 11, .ofs_x = 0, .ofs_y = -1},
    {.bitmap_index = 10581, .adv_w = 190, .box_w = 13, .box_h = 12, .ofs_x = 0, .ofs_y = -2},
    {.bitmap_index = 10659, .adv_w = 149, .box_w = 10, .box_h = 10, .ofs_x = 0, .ofs_y = 0},
    {.bitmap_index = 10709, .adv_w = 144, .box_w = 10, .box_h = 10, .ofs_x = 0, .ofs_y = 0},
    {.bitmap_index = 10759, .adv_w = 190, .box_w = 13, .box_h = 10, .ofs_x = 0, .ofs_y = 0},
    {.bitmap_index = 10824, .adv_w = 120, .box_w = 6, .box_h = 10, .ofs_x = 1, .ofs_y = 0},
    {.bitmap_index = 10854, .adv_w = 138, .box_w = 10, .box_h = 10, .ofs_x = -1, .ofs_y = 0},
    {.bitmap_index = 10904, .adv_w = 146, .box_w = 10, .box_h = 10, .ofs_x = 0, .ofs_y = 0},
    {.bitmap_index = 10954, .adv_w = 0, .box_w = 0, .box_h = 0, .ofs_x = 0, .ofs_y = 0},
    {.bitmap_index = 10954, .adv_w = 0, .box_w = 2, .box_h = 16, .ofs_x = -1, .ofs_y = -3},
    {.bitmap_index = 10970, .adv_w = 0, .box_w = 6, .box_h = 16, .ofs_x = -3, .ofs_y = -3},
    {.bitmap_index = 11018, .adv_w = 87, .box_w = 5, .box_h = 3, .ofs_x = 0, .ofs_y = 3},
    {.bitmap_index = 11026, .adv_w = 128, .box_w = 8, .box_h = 3, .ofs_x = 0, .ofs_y = 4},
    {.bitmap_index = 11038, .adv_w = 256, .box_w = 16, .box_h = 3, .ofs_x = 0, .ofs_y = 4},
    {.bitmap_index = 11062, .adv_w = 80, .box_w = 3, .box_h = 5, .ofs_x = 1, .ofs_y = 7},
    {.bitmap_index = 11070, .adv_w = 80, .box_w = 3, .box_h = 5, .ofs_x = 1, .ofs_y = 7},
    {.bitmap_index = 11078, .adv_w = 64, .box_w = 4, .box_h = 5, .ofs_x = 1, .ofs_y = -2},
    {.bitmap_index = 11088, .adv_w = 128, .box_w = 6, .box_h = 5, .ofs_x = 1, .ofs_y = 7},
    {.bitmap_index = 11103, .adv_w = 128, .box_w = 6, .box_h = 5, .ofs_x = 1, .ofs_y = 7},
    {.bitmap_index = 11118, .adv_w = 106, .box_w = 7, .box_h = 5, .ofs_x = 1, .ofs_y = -2},
    {.bitmap_index = 11136, .adv_w = 96, .box_w = 4, .box_h = 5, .ofs_x = 1, .ofs_y = 4},
    {.bitmap_index = 11146, .adv_w = 206, .box_w = 11, .box_h = 3, .ofs_x = 1, .ofs_y = 0},
    {.bitmap_index = 11163, .adv_w = 79, .box_w = 5, .box_h = 8, .ofs_x = 0, .ofs_y = 0},
    {.bitmap_index = 11183, .adv_w = 79, .box_w = 5, .box_h = 8, .ofs_x = 0, .ofs_y = 0}
};

/*---------------------
 *  CHARACTER MAPPING
 *--------------------*/

static const uint16_t unicode_list_2[] = {
    0x0, 0x1, 0x2, 0x5, 0x8, 0x9, 0xd, 0xe,
    0xf, 0x11, 0x12, 0x13, 0x17, 0x1b, 0x2e, 0x2f
};

/*Collect the unicode lists and glyph_id offsets*/
static const lv_font_fmt_txt_cmap_t cmaps[] =
{
    {
        .range_start = 32, .range_length = 95, .glyph_id_start = 1,
        .unicode_list = NULL, .glyph_id_ofs_list = NULL, .list_length = 0, .type = LV_FONT_FMT_TXT_CMAP_FORMAT0_TINY
    },
    {
        .range_start = 2304, .range_length = 128, .glyph_id_start = 96,
        .unicode_list = NULL, .glyph_id_ofs_list = NULL, .list_length = 0, .type = LV_FONT_FMT_TXT_CMAP_FORMAT0_TINY
    },
    {
        .range_start = 8203, .range_length = 48, .glyph_id_start = 224,
        .unicode_list = unicode_list_2, .glyph_id_ofs_list = NULL, .list_length = 16, .type = LV_FONT_FMT_TXT_CMAP_SPARSE_TINY
    }
};

/*-----------------
 *    KERNING
 *----------------*/


/*Map glyph_ids to kern left classes*/
static const uint8_t kern_left_class_mapping[] =
{
    0, 0, 0, 1, 0, 0, 0, 2,
    1, 3, 0, 0, 0, 4, 5, 4,
    0, 0, 0, 0, 0, 0, 0, 0,
    0, 0, 0, 0, 0, 0, 0, 0,
    0, 0, 6, 0, 7, 8, 9, 10,
    0, 0, 0, 0, 7, 11, 0, 0,
    8, 12, 8, 13, 0, 14, 15, 16,
    16, 7, 17, 18, 3, 0, 0, 0,
    19, 0, 20, 21, 22, 0, 21, 23,
    0, 20, 0, 0, 0, 0, 20, 20,
    21, 21, 0, 24, 0, 22, 0, 25,
    25, 26, 25, 0, 3, 0, 0, 0,
    0, 0, 0, 0, 0, 0, 0, 0,
    0, 0, 0, 0, 0, 0, 0, 0,
    0, 0, 0, 0, 0, 0, 0, 0,
    0, 0, 0, 0, 0, 0, 0, 0,
    0, 0, 0, 0, 0, 0, 0, 0,
    0, 0, 0, 0, 0, 0, 0, 0,
    0, 0, 0, 0, 0, 0, 0, 0,
    0, 0, 0, 0, 0, 0, 0, 0,
    0, 0, 0, 0, 0, 0, 0, 0,
    0, 0, 0, 0, 0, 0, 0, 0,
    0, 0, 0, 0, 0, 0, 0, 0,
    0, 0, 0, 0, 0, 0, 0, 0,
    0, 0, 0, 0, 0, 0, 0, 0,
    0, 0, 0, 0, 0, 0, 0, 0,
    0, 0, 0, 0, 0, 0, 0, 0,
    0, 0, 0, 0, 0, 0, 0, 0,
    0, 0, 0, 0, 5, 5, 1, 1,
    4, 1, 1, 4, 0, 0, 27, 28
};

/*Map glyph_ids to kern right classes*/
static const uint8_t kern_right_class_mapping[] =
{
    0, 0, 0, 1, 0, 0, 0, 2,
    1, 0, 0, 0, 0, 0, 3, 0,
    0, 0, 0, 0, 0, 0, 0, 0,
    0, 0, 0, 0, 0, 0, 0, 0,
    4, 0, 5, 0, 6, 0, 0, 0,
    6, 0, 0, 7, 0, 0, 0, 0,
    6, 0, 6, 0, 0, 8, 9, 10,
    10, 11, 12, 13, 0, 0, 0, 0,
    0, 0, 14, 0, 15, 15, 15, 0,
    16, 0, 0, 17, 0, 0, 18, 18,
    15, 18, 15, 18, 19, 0, 18, 20,
    20, 20, 20, 21, 0, 0, 0, 0,
    0, 0, 0, 0, 0, 0, 0, 0,
    0, 0, 0, 0, 0, 0, 0, 0,
    0, 0, 0, 0, 0, 0, 0, 0,
    0, 0, 0, 0, 0, 0, 0, 0,
    0, 0, 0, 0, 0, 0, 0, 0,
    0, 0, 0, 0, 0, 0, 0, 0,
    0, 0, 0, 0, 0, 0, 0, 0,
    0, 0, 0, 0, 0, 0, 0, 0,
    0, 0, 0, 0, 0, 0, 0, 0,
    0, 0, 0, 0, 0, 0, 0, 0,
    0, 0, 0, 0, 0, 0, 0, 0,
    0, 0, 0, 0, 0, 0, 0, 0,
    0, 0, 0, 0, 0, 0, 0, 0,
    0, 0, 0, 0, 0, 0, 0, 0,
    0, 0, 0, 0, 0, 0, 0, 0,
    0, 0, 0, 0, 0, 0, 0, 0,
    0, 0, 0, 0, 3, 3, 0, 1,
    0, 0, 1, 0, 0, 0, 22, 23
};

/*Kern values between classes*/
static const int8_t kern_class_values[] =
{
    0, 0, 0, 0, -18, 0, 0, 5,
    0, 5, 0, 3, 0, -10, -15, -8,
    0, -8, -8, 0, 0, 0, 0, 0,
    0, 0, 0, 0, 0, 0, -15, 0,
    -5, 0, -8, 0, 0, 0, 0, 0,
    0, 0, 0, 0, 0, 0, 0, 0,
    0, 0, 0, 0, 23, 0, 0, 0,
    0, 0, 0, 0, 0, 0, 10, 0,
    0, 0, 0, 0, 0, 0, 0, 0,
    0, 0, -13, 0, -18, -5, -15, 0,
    -15, 0, 0, 0, 0, 0, 0, 0,
    0, 0, 0, 0, 0, 0, 0, 0,
    0, 0, 0, -10, 0, 0, 0, 0,
    0, 0, 0, 0, 0, 0, 0, 0,
    0, 0, 0, -18, 0, 0, 0, 0,
    -5, 13, -18, 0, -10, 0, -15, 0,
    0, 0, 0, 0, 0, 0, 0, 0,
    0, 0, 0, 0, 0, 0, 0, -5,
    0, 0, 0, 0, 0, 0, 0, 0,
    0, 0, 0, 0, 0, 0, 0, -5,
    0, 0, 0, 0, 0, -5, 0, 0,
    -8, 0, -3, -5, -3, -3, 0, 0,
    0, 0, 0, 0, 0, 0, 0, 0,
    0, 0, 0, 0, 0, 0, 15, 0,
    0, 0, 0, 0, 0, 0, 0, 0,
    0, 0, 0, 0, 0, 0, 0, 0,
    0, 0, 5, -5, 0, 0, 0, 0,
    0, 0, 0, 0, 0, 0, 0, 0,
    0, 0, 0, 0, 0, 0, -20, 0,
    0, 0, 0, -5, 0, -5, -3, -5,
    0, -8, 0, 0, 0, 0, 0, 0,
    0, 0, 0, 0, 0, 0, -3, 0,
    0, -13, 0, 0, 0, 0, 0, -5,
    0, -3, 0, 0, 0, 0, 0, 0,
    0, 0, -5, 0, 0, 0, 0, 0,
    0, 0, 0, 0, 0, 0, 0, 0,
    0, 0, 0, 0, 0, 0, 0, 0,
    0, -3, 0, 0, -5, -10, 5, -18,
    -5, 0, 5, 0, 0, 0, 0, 0,
    -20, -18, -18, 0, -13, -15, -5, -10,
    -15, -8, 0, 0, 0, 0, -3, 0,
    0, 0, 0, 0, 0, 0, 0, 0,
    0, 0, 0, 0, 0, 0, 0, 0,
    0, 0, 0, 0, 5, -10, -3, 0,
    0, 0, 0, 0, 0, 0, -5, -5,
    -3, 0, -3, -3, 0, 0, -8, -3,
    0, -8, 0, 5, -15, -5, 0, 0,
    0, 0, 0, 0, 0, -13, -13, -13,
    0, -8, -10, 0, -5, -20, -8, 0,
    0, 0, 0, 0, -3, 0, 0, 0,
    0, 0, 0, 0, 0, 0, 0, 0,
    0, 0, 0, 0, -5, 0, 0, 0,
    0, 0, 0, 0, 24, 0, 0, 0,
    0, 0, 0, 0, 0, 0, 0, 0,
    0, 0, 0, 0, 0, -3, 0, 0,
    0, 0, 0, 0, 0, 0, 0, 0,
    0, 0, 0, 0, 0, 0, 0, 0,
    0, 0, 0, 0, -3, 0, 0, 0,
    0, 0, 0, 0, 0, 0, 0, 0,
    0, 0, 0, 0, 0, 0, 0, -5,
    -3, 0, 0, 5, 0, 0, 0, 0,
    0, 0, 0, 0, 0, 0, 0, 0,
    0, 0, 0, 0, 0, 0, 0, 0,
    0, 0, 15, 0, 0, 0, 0, 0,
    0, 0, 0, 0, 0, 0, 0, 0,
    0, 0, 0, 0, 0, 0, 0, 0,
    0, 10, 0, 0, 0, 0, 0, 0,
    0, 0, 0, 0, 0, 0, -5, -5,
    -3, 0, 0, 0, 0, 0, 0, 0,
    10, 0, 0, 5, 0, 0, 0, 0,
    0, 0, 0, 0, 0, 0, 0, 0,
    0, 0, 0, 0, 0, 0, 0, 0,
    0, 0, 0, 0, 0, 0, 0, 0,
    0, 0, 0, 0, 0, -5, 0, 0,
    0, 0, 0, 0, 0, 0, 0, 0,
    0, 0, 0, 0, 0, -8, 0, -3,
    0, -8, 0, 0, 0, 0, 0, 0,
    0, 0, 0, 0, 0, 0, 0, 0,
    0, 0, 0, 0, -15, 0, -8, -5,
    -20, 0, 0, 0, 0, 0, 0, 0,
    0, 0, 0, 0
};


/*Collect the kern class' data in one place*/
static const lv_font_fmt_txt_kern_classes_t kern_classes =
{
    .class_pair_values   = kern_class_values,
    .left_class_mapping  = kern_left_class_mapping,
    .right_class_mapping = kern_right_class_mapping,
    .left_class_cnt      = 28,
    .right_class_cnt     = 23,
};

/*--------------------
 *  ALL CUSTOM DATA
 *--------------------*/

#if LVGL_VERSION_MAJOR == 8
/*Store all the custom data of the font*/
static  lv_font_fmt_txt_glyph_cache_t cache;
#endif

#if LVGL_VERSION_MAJOR >= 8
static const lv_font_fmt_txt_dsc_t font_dsc = {
#else
static lv_font_fmt_txt_dsc_t font_dsc = {
#endif
    .glyph_bitmap = glyph_bitmap,
    .glyph_dsc = glyph_dsc,
    .cmaps = cmaps,
    .kern_dsc = &kern_classes,
    .kern_scale = 16,
    .cmap_num = 3,
    .bpp = 4,
    .kern_classes = 1,
    .bitmap_format = 0,
#if LVGL_VERSION_MAJOR == 8
    .cache = &cache
#endif
};



/*-----------------
 *  PUBLIC FONT
 *----------------*/

/*Initialize a public general font descriptor*/
#if LVGL_VERSION_MAJOR >= 8
const lv_font_t ui_font_Noto_Sans_Regular_Devanagari = {
#else
lv_font_t ui_font_Noto_Sans_Regular_Devanagari = {
#endif
    .get_glyph_dsc = lv_font_get_glyph_dsc_fmt_txt,    /*Function pointer to get glyph's data*/
    .get_glyph_bitmap = lv_font_get_bitmap_fmt_txt,    /*Function pointer to get glyph's bitmap*/
    .line_height = 23,          /*The maximum line height required by the font*/
    .base_line = 8,             /*Baseline measured from the bottom of the line*/
#if !(LVGL_VERSION_MAJOR == 6 && LVGL_VERSION_MINOR == 0)
    .subpx = LV_FONT_SUBPX_NONE,
#endif
#if LV_VERSION_CHECK(7, 4, 0) || LVGL_VERSION_MAJOR >= 8
    .underline_position = -2,
    .underline_thickness = 1,
#endif
    .dsc = &font_dsc,          /*The custom font data. Will be accessed by `get_glyph_bitmap/dsc` */
#if LV_VERSION_CHECK(8, 2, 0) || LVGL_VERSION_MAJOR >= 9
    .fallback = NULL,
#endif
    .user_data = NULL,
};



#endif /*#if UI_FONT_NOTO_SANS_REGULAR_DEVANAGARI*/

